[{"publisher": "බීබීසී සිංහල", "title": "ශ්‍රී ලංකා ව්‍යවස්ථා අර්බුදය: \"අගමැතිටත් අත්තනෝමතික බලතල දෙන්නේ නැහැ\"", "content": "විධායක ජනාධිපති ධුරය අහෝසි කොට සියලු බලතල අගමැතිවරයාට හෝ පාර්ලිමේන්තුවට ලබා දීම සඳහා ව්‍යවස්ථාවක් සම්පාදනය නොකළ යුතු බව පාර්ලිමේන්තු මන්ත්‍රී ආචාර්ය ජයම්පති වික්‍රමරත්න පවසයි.", "date": "15/02/2019", "category": "දේශීය"}, {"publisher": "බීබීසී සිංහල", "title": "ජනපති මෛත්‍රීපාල සහ ආණ්ඩුව අතර ඇතිවූ එකඟතාව", "content": "ජනාධිපති මෛත්‍රීපාල සිරිසේන ලබන අඟහරුවාදා (ජුනි 18) පැවැත්වෙන කැබිනට් රැස්වීමට සහභාගීවීමට එකඟතාව පළ කළ බව අමාත්‍ය රවී කරුණානායක පවසයි.", "date": "08/04/2019", "category": "දේශීය"}, {"publisher": "බීබීසී සිංහල", "title": "රාවණා 1: ශ්‍රී ලංකාව නිපදවූ පළමු චන්ද්‍රිකාව සාර්ථකව කක්ෂගත කරයි", "content": "ශ්‍රී ලාංකික තරුණ ඉන්ජිනේරුවරුන් දෙදෙනෙකු විසින් නිර්මාණය කරන ලද රාවණා 1 චන්ද්‍රිකාව සඳුදා (ජූනි 17) පස්වරුවේ ජාත්‍යන්තර අභ්‍යවකාශ මධ්‍යස්ථානයේ සිට ", "date": "05/02/2019", "category": "දේශීය"}, {"publisher": "බීබීසී සිංහල", "title": "මැද පෙරදිග උණුසුම: ශ්‍රී ලාංකික ශ්‍රමිකයින් 750,000කට කුමක් වේ ද?", "content": "මැද පෙරදිග කලාපයේ යළිත් වරක් දේශපාලනික වශයෙන් උණුසුම් තත්ත්වයක් වර්ධනය වෙමින් පවතී. ", "date": "02/03/2019", "category": "දේශීය"}, {"publisher": "බීබීසී සිංහල", "title": "අභියාචනාධිකරණය: ගෝඨාභය ගේ පෙත්සම් දෙකක් ප්‍රතික්ෂේප කෙරේ", "content": "තමන්ට එරෙහිව පවරා ඇති නඩුවක් සම්බන්ධයෙන් කොළඹ ත්‍රිපුද්ගල විශේෂ මහාධිකරණය දුන් නියෝගයක් බල රහිත කිරීමේ ආඥාවක් නිකුත් කරන මෙන් ඉල්ලා ආරක්ෂක අමාත්‍යංශයේ හිටපු ලේකම්වරයෙකු වන ගෝඨාභය රාජපක්ෂ ඉදිරිපත් කළ රිට් පෙත්සමක් සහ ප්‍රතිශෝධන පෙත්සමක් විභාගයට නොගෙන ප්‍රතික්ෂේප කිරීමට අභියාචනාධිකරණය තීන්දු කළේය.", "date": "17/03/2019", "category": "දේශීය"}, {"publisher": "බීබීසී සිංහල", "title": "සහරාන් ගැන තොරතුරු ලැබුණා ද? කාත්තන්කුඩිය පොලිස් ස්ථානාධිපතිගෙන් පිළිතුරු", "content": "පාස්කු ඉරිදා මරාගෙන මැරෙන බෝම්බ ප්‍රහාරයක් එල්ල කළ සහරාන් හෂීම් පිළිබඳව හෝ එම ප්‍රහාරය පිළිබඳව බුද්ධි අංශයෙන් තමන්ට කිසිදු පූර්ව දැනුවත් කිරීමක් නොලැබුණු බව කාත්තන්කුඩියේ පොලිස් ස්ථානාධිපතිවරයා පවසයි.", "date": "25/01/2019", "category": "දේශීය"}, {"publisher": "බීබීසී සිංහල", "title": "ශ්‍රී ලංකාවේ 'ICCPR' පනත යටතේ අත්අඩංගුවට ගත් ශක්තික සහ ෆාතිමා", "content": "\"සිදුහත් කුමාරයාගේ චරිතය මාර්ටින් වික්‍රමසිංහයන් 'බව තරණය' ලෙස එළිදක්වනවා. ඒ වගේ ම නීති ශිෂ්‍යයෙක් ලියපු තවත් පොතක සිදුහත් කුමාරයා 'දඩබ්බරයා' ලෙස හඳුන්වා තිබෙනවා... මේ සෑම පොතක ම ආශ්චර්යවත් සිදුහත් කුමාරයෙක් ගැන වෙනුවට බොහොම සාමාන්‍ය කුමාරයෙක් ගැන කියවෙන්නේ.\"", "date": "09/05/2019", "category": "දේශීය"}, {"publisher": "බීබීසී සිංහල", "title": "'අඩු සැළකිලි' සහ මාධ්‍ය හමුව: ශ්‍රී ලංකා ක්‍රිකට් ආයතනයෙන් ICC යට සහතිකයක්", "content": "ලෝක කුසලාන තරඟාවලියේ දී ජාත්‍යන්තර ක්‍රිකට් කවුන්සිලයේ විධිවිධානවලට අනුකූලව කටයුතු කරන ලෙස ශ්‍රී ලංකා කණ්ඩායමේ කළමනාකාරිත්වයට දැනුම් දුන් බව ශ්‍රී ලංකා ක්‍රිකට් ආයතනය පවසයි. ", "date": "21/02/2019", "category": "දේශීය"}, {"publisher": "බීබීසී සිංහල", "title": "මුස්ලිම් ව්‍යාපාර ගැන අස්ගිරි මහනාහිමි ප්‍රකාශය, බුදු දහම සහ සමාජ මාධ්‍ය ජාල ප්‍රතිචාර", "content": "සියම් නිකායේ මල්වතු සහ අස්ගිරි පාර්ශව ශ්‍රී ලංකාවේ  බෞද්ධ ශාසනික සංස්කෘතියේ ප්‍රධාන ආයතන ලෙස ගෞරවයට පාත්‍ර වී තිබේ.", "date": "07/03/2019", "category": "දේශීය"}, {"publisher": "බීබීසී සිංහල", "title": "\"අන්‍යාගමිකයින් ඝාතනය කරන්න ඉස්ලාම් ධර්මය අනුව බැහැ\" - අබ්දුල් රාසික්", "content": "ජිහාඩ්වාදය යනු ත්‍රස්තවාදී සංකල්පයක් නොවන බවත් එය ක්‍රියාත්මක කළ හැක්කේ මුස්ලිම් බහුතරයක් වෙසෙන රාජ්‍යයක් තුළ රාජ්‍ය අනුග්‍රහය යටතේ පමණක් බවත් ලංකා තවුහීද් ජමාත් සංවිධානයේ (Ceylon Thowheed Jamath) ලේකම් අබ්දුල් රාසික් පැවසීය.", "date": "06/06/2019", "category": "දේශීය"}, {"publisher": "බීබීසී සිංහල", "title": "\"සුදු වෙන්න ගිහින් සිද්ධ වුණේ සුදු මැලි වෙන්න\"", "content": "මේ 'වයිට්නින් ක්‍රීම්' භාවිත කරන්නේ බලාගෙනයි! ", "date": "22/06/2019", "category": "දේශීය"}, {"publisher": "බීබීසී සිංහල", "title": "ජනාධිපතිවරණය: කරුගේ ස්ථාවරය හෙළිදරව් කරයි !", "content": "මීළඟ ජනාධිපතිවරණය සඳහා තරග කිරීම සඳහා එක්සත් ජාතික පක්ෂය තුළින් ඉල්ලීමක් ඉදිරිපත් කරන්නේ නම් ඒ සම්බන්ධයෙන් සලකා බැලීමට සූදානම් බව කථානායක කරු ජයසුරිය පවසයි.", "date": "21/05/2019", "category": "දේශීය"}, {"publisher": "බීබීසී සිංහල", "title": "පාස්කු ප්‍රහාර: ප්‍රශ්න කිරීම් හමුවේ කාත්තන්කුඩි හිටපු පොලිස් ස්ථානාධිපති ගොළු වෙයි", "content": "මඩකලපුව, කාත්තන්කුඩි පොලිස් වසම තුළ සිදු වූ බව කියන අන්තවාදී හා ත්‍රස්තවාදී ක්‍රියා සහ ඒවාට සම්බන්ධ පුද්ගලයන් පිළිබඳව පාර්ලිමේන්තු විශේෂ කාරක සභාව නගන ලද ඇතැම් ප්‍රශ්නවලට පිළිතුරු දීමට කාත්තන්කුඩි පොලිසියේ හිටපු ස්ථානාධිපතිවරයාට නොහැකි වූ ආකාරයක් අඟහරුවාදා පැවති සාක්ෂි විමසීමේදී දක්නට ලැබිණි.", "date": "01/04/2019", "category": "දේශීය"}, {"publisher": "බීබීසී සිංහල", "title": "රාජ්‍ය සේවිකාවන්ට සාරි අනිවාර්ය කිරීම: මේ දක්වා සිදුවූයේ කුමක් ද?", "content": "රාජකාරි වේලාව තුළ රාජ්‍ය අංශයේ කාන්තා නිලධාරීන් සාරියකින් හෝ ඔසරියකින් සැරසිය යුතු බවට දන්වමින් රාජ්‍ය පරිපාලන අමාත්‍යංශය නිකුත් කළ චක්‍රලේඛය පිළිබඳව දැඩි මතවාදයක් මේ වන විට නිර්මාණය වී තිබේ.", "date": "25/02/2019", "category": "දේශීය"}, {"publisher": "බීබීසී සිංහල", "title": "ප්‍රාදේශීය ලේකම් කාර්යාලයක් ඉල්ලා බෞද්ධ, හින්දු, ක්‍රිස්තියානි පූජකවරුන් උපවාසයක", "content": "අම්පාර දිස්ත්‍රික්කයේ කල්මුණේ උතුර උප ප්‍රාදේශීය ලේකම් කාර්යාලය, ප්‍රාදේශීය මහ ලේකම් කාර්යාලයක් ලෙසට උසස් කරන ලෙස ඉල්ලා කල්මුණේ ශ්‍රී සුභද්‍රාරාම විහාරාධිකාරී පූජ්‍ය රන්මුතුගල සංඝරත්න හිමි සහ හින්දු සහ ක්‍රිස්තියානි පූජකවරුන් කිහිප දෙනෙක් උපවාසයක නිරත වෙති.", "date": "11/04/2019", "category": "දේශීය"}, {"publisher": "බීබීසී සිංහල", "title": "ශ්‍රී ලංකාවේ නිෂ්පාදිත 'පොල් අරක්කු' ජාත්‍යන්තරයට ගිය හැටි", "content": "බීබීසී මාධ්‍යවේදිනී අයේෂා පෙරේරාගේ වාර්තාව", "date": "22/05/2019", "category": "දේශීය"}, {"publisher": "බීබීසී සිංහල", "title": "ඩිජිටල් උත්තේජනය: සිහින ලොවක ළමා මනස අතරමං වන හැටි", "content": "\"පුදුම දඟක් තියෙන්නේ මේ ළමයගේ. කිසි වැඩක් කරන්නේ නෑ. ඉස්කෝලේ ගිහින් එනවා, බෑග් එක විසි කරනවා. කාටූන් බලනවා. නැත්නම් සෙල්ලම,\" නගරවල පමණක් නොව ගම්බද පළාත්වල පාසල් වයසේ පසුවන දරුවන් අධ්‍යාපන කටයුතු සඳහා නැඹුරු කිරීමට දෙමාපියන් දරන මෙවැනි උත්සාහයන් අප කොතෙකුත් අසා තිබේ.", "date": "16/03/2019", "category": "දේශීය"}, {"publisher": "බීබීසී සිංහල", "title": "මුහුදේ පාවී වෙරළට ආ 'Nike' සපත්තු අභිරහස", "content": "පසුගිය වසරක පමණ කාලය ඇතුළත බර්මුඩා සහ බහමාස් වලින් පටන් ගෙන අයර්ලන්තය සහ ඔර්ක්නි ( Orkney) තෙක් රටවල් රාශියක මුහුදු වෙරළට පළුදු නොවූ සපත්තු ජෝඩු සිය ගණනක් පාවී විත් වෙරළේ රැඳී තිබුණි.", "date": "11/01/2019", "category": "තාක්ෂණික"}, {"publisher": "බීබීසී සිංහල", "title": "19 වන ව්‍යවස්ථා සංශෝධනය: \"ජනාධිපති කෙනෙක් මීට වඩා බුද්ධිමත්ව කතා කළ යුතුයි\"", "content": "ශ්‍රී ලංකා ආණ්ඩුක්‍රම ව්‍යවස්ථාවේ 18 වන සහ 19 වන සංශෝධන අහෝසි කළ යුතුව ඇති බවට ජනාධිපති මෛත්‍රීපාල සිරිසේන ඉරිදා (ජූනි 23) කළ ප්‍රකාශය සම්බන්ධයෙන් මේ වන විට දැඩි අවධානයක් යොමු වී තිබේ.", "date": "11/02/2019", "category": "දේශීය"}, {"publisher": "බීබීසී සිංහල", "title": "ශ්‍රී ලංකාවේ 'නිලධාරිවාදය': 'අසීරුවෙන් දිනා ගත්' සරසවි වරම අහිමි වේ දැයි ළතවෙන දිරිය දියණිය", "content": "\"මගේ බලාපොරොත්තුව තිබ්බේ කොහොම හරි ඩිග්‍රිය අරගෙන පිට රටකට ගිහිල්ලා මගේ කකුල් දෙක හොඳ කරගෙන ජොබ් එකක් කරන්න.\"", "date": "03/04/2019", "category": "වෙනත්"}, {"publisher": "බීබීසී සිංහල", "title": "හමුදා සාමාජිකයන් 'ඝාතනය': හිටපු එල්ටීටීඊ සාමාජිකයන් අධිකරණයට", "content": "හමුදා සාමාජිකයන් පිරිසක් ඝාතනය කර පුළුස්සා දැමීමේ චෝදනා සම්බන්ධයෙන් පැවැත්වෙන නඩුවක් පළමු වරට සඳුදා (ජුනි 24) වව්නියාව මහාධිකරණයේ විභාග විය. ", "date": "26/06/2019", "category": "දේශීය"}, {"publisher": "බීබීසී සිංහල", "title": "කොට්ටාව බහුවිධ ප්‍රවාහන මධ්‍යස්ථානය අපිරිසිදු කිරීමට එරෙහිව කෝපය පළ වේ", "content": "පරිසරය සුරැකීම සහ පිරිසිදුව තබා ගැනීම සම්බන්ධයෙන් ශ්‍රී ලංකාව තුළ පෙර නොවූ විරූ ආකාරයේ නැඹුරුවක් ඇති වෙමින් පවතී.", "date": "29/01/2019", "category": "වෙනත්"}, {"publisher": "බීබීසී සිංහල", "title": "කාන්තාවන් ශාරීරික ප්‍රචණ්ඩත්වයට ලක්වන ඔස්ට්‍රේලියාව", "content": "සිය නවාතැන කරා පිය මනිමින් සිටි තරුණියක මෙල්බර්න්හිදී ඝාතනයට ලක් වීමත් සමග පසුගිය සතියේදී ඔස්ට්‍රේලියානුවෝ දැඩි කම්පනයට පත් වූහ.", "date": "04/05/2019", "category": "වෙනත්"}, {"publisher": "බීබීසී සිංහල", "title": "නොබෙල් සාම ත්‍යාගය: ස්වීඩනයේ 16 හැවිරිදි පාසල් දැරියක ගේ නමත් යෝජනා වේ", "content": " මේ වසරේ නොබෙල් සාම ත්‍යාගය සඳහා ගියෙටා තුන්බර්ග් ", "date": "23/04/2019", "category": "වෙනත්"}, {"publisher": "බීබීසී සිංහල", "title": "\"මත්ද්‍රව්‍ය කියන්නේ පඹයෙක්\"- මතින් මිදී මතට ගොදුරු වූවන් 'මුදා ගන්නා' ශ්‍රී ලාංකිකයා", "content": "දශක ගණනාවක යුද ගැටුම්වලින් අනතුරුව ශ්‍රී ලංකාව මුහුණ දෙන දරුණුතම සමාජයීය ගැටලු අතරින් එකක් ලෙස මත් උවදුර හැඳින්විය හැකිය. ", "date": "31/05/2019", "category": "වෙනත්"}, {"publisher": "බීබීසී සිංහල", "title": "ශමීමා බෙගම්: බංග්ලාදේශයට පැමිණියහොත් \"මරණ දණ්ඩනයට යටත් කළ හැකියි\"", "content": "ඉස්ලාමීය රාජ්‍යය සංවිධානයට එක්වීම සඳහා 2015 දී ලන්ඩන් නුවර සිට සිරියාවට පලා ගිය 19 හැවිදිරි ශමීමා බෙගම්, බංග්ලාදේශයට පැමිණියහොත් \"ත්‍රස්තවාදයට හවුල් වීම යටතේ මරණ දණ්ඩනයට යටත් කළ හැකි\" බව එරට විදේශ ඇමතිවරයා පවසයි. ", "date": "20/05/2019", "category": "වෙනත්"}, {"publisher": "බීබීසී සිංහල", "title": "ආදරවන්තයන්ගේ දිනය: නීතිය සහ මානසික ගැටලු ගැන පෙම්වතුන් දැන සිටිය යුතු කරුණු", "content": "තුරු සෙවණේ පෙම් සුව විඳින තරුණ තරුණියන්ය. දරුවන් කැටුව ඒ අසලින් ගමන් ගන්නා ඇතැම් වැඩිහිටියෙකුගේ මුහුණේ ඇත්තේ නොරිස්සුම් සහගත බැල්මකි. පෙම් සිසිලෙන් මදකට මිදී අවට බලන පෙම් යුවළක මුහුණේ ඇත්තේ වරදකාරී හැඟීමකි. නමුත් ඔවුහු යළි ප්‍රේමයේ ගිලෙති.", "date": "15/03/2019", "category": "වෙනත්"}, {"publisher": "බීබීසී සිංහල", "title": "ශ්‍රී ලංකාවේ පිපිරීම්: ගමක දුක නිවන කන්‍යා සොයුරියෝ", "content": "\"පුංචි ළමයි එක්ක අපි කතාබහ කරන කොට ඒ අයට මෙය ඇත්තට ම භයානක සිදුවීමක්. ඒ සමහර අයට නින්ද යන්නේ නැහැ කියනවා. හීනෙන් කෑ ගහනව ලු. ඒ වගේ ම අම්මලාට ගොඩක් තුරුළු වෙලා ඉන්නවා කියල අම්මලා කිව්වා.\" මෙසේ පැවසුවේ, පසුගිය පාස්කු ඉරු දින බෝම්බ ප්‍රහාරයෙන් ජීවිත හානි 100 ට ආසන්න සංඛ්‍යාවක් වාර්තා වූ මීගමුව කටාන කටුවාපිටිය ප්‍රදේශයේදී බීබීසී සිංහල සේවයට හමුවූ කාන්තිනි කන්‍යා සොයුරියයි.", "date": "30/01/2019", "category": "වෙනත්"}, {"publisher": "බීබීසී සිංහල", "title": "ශ්‍රී ලංකාවේ මුස්ලිම් විරෝධී ප්‍රහාර: මුස්ලිම් පවුල් රැකගත් සිංහල පවුලක්", "content": "\"පෙට්‍රල් බෝම්බ සද්දේ එනකොට මට දැනුනේ පුදුම මර බයක්. අපි මැරුණා කියලා තමයි මට හිතුනේ. ඉස්සරහ ගෙදර සුජීවනී නංගි එයාගේ ගෙදරට අපිව දා ගත්තේ නැත්නම් අපිට වෙන දේ දන්නේ දෙයියෝ විතරයි. අපේ පවුලත් එක්ක මුස්ලිම් පවුල් තුනක් මේ ගෙදර ආරක්ෂාව ලැබුවා.\" ", "date": "23/05/2019", "category": "වෙනත්"}, {"publisher": "බීබීසී සිංහල", "title": "ඕස්ට්‍රේලියානු අගමැති ස්කොට් මොරිසන්ට කාන්තාවකගෙන් බිත්තර ප්‍රහාරයක්", "content": "ඕස්ට්‍රේලියානු අග්‍රාමාත්‍ය ස්කොට් මොරිසන්ට බිත්තරයකින් පහර දී තිබේ. මෙම ප්‍රහාරයට ඔහු ලක් වූයේ, එරට මහ මැතිවරණය වෙනුවෙන් ප්‍රචාරක ව්‍යාපෘති ක්‍රියාත්මක වෙමින් පවතින පරිසරයක් තුළය.", "date": "26/06/2019", "category": "වෙනත්"}, {"publisher": "බීබීසී සිංහල", "title": "මීනා මංගල්‍: වෙඩි තබා ඝාතනය කළ ඇෆ්ගනිස්තාන රූපවාහිනී නිවේදිකාව", "content": "පසුගිය සෙනසුරාදා (මැයි 13) උදෑසන ඝාතනයට ලක් වූ මීනා මංගල්‍ වෙනුවෙන් යුක්තිය ඉටු කරන්නැයි එරට දේශපාලඥයන් සහ මානව අයිතිවාසිකම් ක්‍රියාකාරීහු ඉල්ලා සිටිති.  ", "date": "30/05/2019", "category": "වෙනත්"}, {"publisher": "බීබීසී සිංහල", "title": "පාස්කු දින ප්‍රහාරය: මිය ගිය අය වෙනුවෙන් 'උපහාර' පුදන තරුණියක්", "content": "අප්‍රේල් 21 වන දින එල්ල වූ බෝම්බ ප්‍රහාරවලින් අනතුරුව සමාජයේ විවිධ පාර්ශව විවිධාකාරයෙන් ඊට ප්‍රතිචාර දක්වනු දැකිය හැකිය. ඒ අතර, ප්‍රහාරයෙන් ජීවිතක්ෂයට පත් ජනතාව වෙනුවෙන් සුවිශේෂී උපහාරයක් පිදීමට ඉදිරිපත් වූ මුස්ලිම් තරුණියක් පසුගියදා බීබීසී සිංහල සේවයට මුණ ගැසිණි.", "date": "01/01/2019", "category": "වෙනත්"}, {"publisher": "බීබීසී සිංහල", "title": "චීන වැසියන් වෙනත් රටවල තරුණියන් විවාහ කරගෙන චීනයට ගෙන ගොස් ලිංගික වහලුන් කිරීමේ ජාවාරමක්", "content": "පාකිස්තානයේ ෆයිසලාබාද්හි මීට මාස 6කට පෙර එරට තරුණියක සහ චීන ජාතිකයෙකු අතර සිදුවූ විවාහය සියලු ආකාරයෙන් සාර්ථකව සිදු විය", "date": "06/06/2019", "category": "වෙනත්"}, {"publisher": "බීබීසී සිංහල", "title": "මුස්ලිම් විරෝධී ප්‍රහාර: \"කලබල ඇති කරන්න උත්සහ කළේ සුළුතරයක්\"", "content": "මුස්ලිම් විරෝධී ප්‍රහාර එල්ල කළ සුළුතර පිරිසකගේ ක්‍රියා නිසා බහුතර සිංහල ජනතාව සම්බන්ධයෙන් පවතින ප්‍රතිරූපය වෙනස් නොවන බව අමාත්‍ය කබීර් හෂීම් පවසයි. අමාත්‍යවරයා ඒ අදහස් පළ කළේ බ්‍රහස්පතින්දා (මැයි 16) දහවල් මුස්ලිම් කවුන්සිලය සංවිධානය කළ මාධ්‍ය හමුවක් අමතමිනි. ", "date": "16/04/2019", "category": "වෙනත්"}, {"publisher": "බීබීසී සිංහල", "title": "ඉන්දීය රූ රැජින තරගය: තරගකාරියන් සියලුදෙනා එක සමාන ලෙස පෙනෙන්නේ ඇයි?", "content": "ඉන්දියානු රූ රැජින තරගයේ අවසාන වටයට තේරී පත් වූ තරගකාරියන් පුළුල් සිනාවකින්  මුහුණ සරසාගෙන ඡායාරූපවලට පෙනී සිටීම අරුමයක් නොවේ. ඒ මන්ද යත් ඉන්දියානු රූප රැජින තරගය යනු ප්‍රියංකා චොප්රා, අයිශ්වර්යා රායි වැනි ලෝක ප්‍රසිද්ධ රංගන ශිල්පිනියන්ගේ වෘත්තීය දිවියේ ආරම්භක ස්ථානයයි.  ", "date": "30/04/2019", "category": "වෙනත්"}, {"publisher": "බීබීසී සිංහල", "title": "ඉන්දියාව: කාන්තාවන්ට පොදු ප්‍රවාහනය නොමිලේ සැපයීමට කෙජ්රිවාල් තීන්දු කරයි", "content": "ඉන්දියාවේ දිල්ලි පාලන ප්‍රදේශය තුළ කාන්තාවන්ට නොමිලේ පොදු ප්‍රවාහන සේවාවන්හි ගමන් කිරීමට අවස්ථාව සැලසීමට ප්‍රධාන අමාත්‍ය අර්වින්ද් කෙජ්රිවාල් තීරණය කර තිබේ.", "date": "12/06/2019", "category": "වෙනත්"}, {"publisher": "බීබීසී සිංහල", "title": "මැඩෝනා • බියොන්සේ • රිහානා • සෙලින් ඩියෝන්: ලොව ධනවත් ම ගායිකාව කවුද?", "content": "ලෝකප්‍රකට ගායිකාවක වන රිහානා පසුගිය වසර තුනකට අධික කාලයක් ඇතුළත කිසිදු ගීත ඇල්බමයක් නිකුත් කර නොමැත.", "date": "28/02/2019", "category": "වෙනත්"}, {"publisher": "බීබීසී සිංහල", "title": "අට හැවිදිරි දැරියගේ ඝාතනයට හය දෙනෙකු වරදකරුවන් - ඉන්දීය අධිකරණ තීන්දුවක්", "content": "ඉන්දීය කාශ්මීරයේ දී අට හැවිදිරි දැරියක් වධහිංසා පමුණුවා, දූෂණය කර මරා දැමීම සම්බන්ධයෙන් චෝදනා ලැබ සිටි සැකකරුවන් අට දෙනාගෙන් හය දෙනෙකු වරදකරුවන් ලෙස විශේෂ අධිකරණයක් මගින්  තීන්දු කරනු ලැබ ඇත.", "date": "12/05/2019", "category": "වෙනත්"}, {"publisher": "බීබීසී සිංහල", "title": "ශ්‍රී ලංකාවේ කාන්තාවන්ට සහනයක්; ඔසප් සමයට අලුත් ක්‍රමයක්; \"පිහිනන්නත් පුළුවන්\"", "content": "ස්වාභාවික අමුද්‍රව්‍යවලින් නිමවන ලද නැවත නැවතත් භාවිත කළ හැකි තුවා මෙන්ම  ඔසප් කාලය තුළ පැලඳිය හැකි 'කෝප්පයක' හැඩයේ නිෂ්පාදනයක් ලොව පුරා රටවල කාන්තාවන් අතර ජනප්‍රිය වෙමින් පවතී. ", "date": "14/04/2019", "category": "වෙනත්"}, {"publisher": "බීබීසී සිංහල", "title": "කාන්තාවන්ට පමණයි! ඉහළට යාමට කැමතිනම් දැනගත යුතු ම කරුණු 5ක්", "content": "ආර්ථිකමය අවස්ථා අතින් ලොව පුරා පවතින ස්ත්‍රී පුරුෂ පරතරය නැති කිරීමට තවත් වසර 202ක් ගත වනු ඇත - පසුගිය වසරේ පැවති ලෝක ආර්ථික සමුළුව (World Economic Forum) අනාවැකි පළ කළේ එලෙසය.", "date": "14/03/2019", "category": "වෙනත්"}, {"publisher": "බීබීසී සිංහල", "title": "දරුවා බිහිකර පැය භාගයකින් විභාගයට මුහුණ දුන් ඉතියෝපියානු තරුණියක්", "content": "දරු ප්‍රසූතියෙන් මිනිත්තු 30කට පසු විභාගයකට මුහුණ දුන් මවක ගැන ඉතියෝපියාවෙන් වාර්තා වේ. ", "date": "09/04/2019", "category": "වෙනත්"}, {"publisher": "බීබීසී සිංහල", "title": "පළමු ජාත්‍යන්තර ක්‍රිකට් තරග තීරකවරිය නම් කෙරෙද්දී විනිසුරුවරියන් ගණනත් ඉහළට", "content": "ජාත්‍යන්තර ක්‍රිකට් කවුන්සිලයේ ජාත්‍යන්තර තරග තීරක මඩුල්ලට පළමු වරට කාන්තාවක පත් කර තිබේ. එසේ පත් කර ඇත්තේ, ඉන්දීය ජාතික තරග තීරකවරියක වන ජීඑස් ලක්ෂ්මීය.", "date": "06/04/2019", "category": "ක්‍රීඩා"}, {"publisher": "බීබීසී සිංහල", "title": "ක්‍රිකට් ලෝක කුසලානය: ඉතිහාසයේ වාර්තා වූ විශිෂ්ටතම තරග දහය", "content": "ක්‍රිකට් ලෝක කුසලාන ඉතිහාසයේ මෙතෙක් පැවති තරඟාවලි 11 අතරතුර අමතක නොවන සුවිශේෂී තරඟ රැසක් පවතී. ", "date": "23/03/2019", "category": "ක්‍රීඩා"}, {"publisher": "බීබීසී සිංහල", "title": "ආශා ඩි වොස්: ඔක්ස්ෆර්ඩ් විශ්වවිද්‍යාලයේ විශිෂ්ටත්වයට පාත්‍ර වූ ලාංකික කතගෙන් උගත හැකි පාඩම්", "content": "වසර 40ක ඉතිහාසයක් තුළ විශ්වවිද්‍යාලයක ඉගෙනුම ලැබූ ශිෂ්‍යාවන් දහස් ගණනක් අතරින් දීප්තිමත් ම ශිෂ්‍යාවන් 20 දෙනෙකු අතරට ඇතුළත් වීමට යමෙකුට අවස්ථාව හිමි වන්නේ නම් එය දුර්ලභ ජයග්‍රහණයකි.", "date": "12/05/2019", "category": "වෙනත්"}, {"publisher": "බීබීසී සිංහල", "title": "ලෝක කුසලානය: මහේල සහ මැතිව්ස් අතර මත ගැටුමක්", "content": "2019 ක්‍රිකට් ලෝක කුසලාන තරඟාවලිය ඇරඹීමට ඇත්තේ තව දින හතරකි. ශ්‍රී ලංකා කණ්ඩායම තම ප්‍රථම තරගය නවසීලන්තය සමග සෙනසුරාදා පවත්වයි.", "date": "01/01/2019", "category": "ක්‍රීඩා"}, {"publisher": "බීබීසී සිංහල", "title": "ක්‍රිකට් ලෝක කුසලානය: අවසන් තරග ඉතිහාසය සහ මෙතෙක් පැමිණි ගමන් මග", "content": "ක්‍රිකට් ලෝලීන්ගේ වැඩි ම අවධානයට පාත්‍ර වන ලෝක කුසලාන එක්දින ක්‍රිකට් තරගාවලිය බ්‍රහස්පතින්දා (මැයි 30) ආරම්භ වෙයි.", "date": "16/06/2019", "category": "ක්‍රීඩා"}, {"publisher": "බීබීසී සිංහල", "title": "ක්‍රිකට් දූෂණ: \"ඇමතිට අල්ලස් දීමට තැත් කළ\" නිලධාරියෙකුට අයිසීසීය චෝදනා ගොනු කරයි", "content": "අයිසීසී ජාත්‍යන්තර ක්‍රිකට් කවුන්සිලය විසින් ශ්‍රී ලංකා ක්‍රිකට් ආයතනයේ නිලධාරියෙකුට දූෂණ විරෝධී නීති යටතේ චෝදනා ගොනු කරනු ලැබ තිබේ.", "date": "30/04/2019", "category": "ක්‍රීඩා"}, {"publisher": "බීබීසී සිංහල", "title": "ක්‍රිකට් ලෝක කුසලානය: නුවන් ප්‍රදීප් ඉදිරි තරගයට නැහැ", "content": "පුහුණුවීම් අතරතුර ආබාධයකට ලක් වූ වේග පන්දු යවන ක්‍රීඩක නුවන් ප්‍රදීප්, බංග්ලාදේශ් ක්‍රිකට් කණ්ඩායමට එරෙහිව  අඟහරුවාදා (ජුනි 11) පැවැත්වීමට නියමිත තරගයට සහභාගී නොවනු ඇතැයි ශ්‍රී ලංකා ක්‍රිකට් ආයතනය පවසයි.", "date": "18/03/2019", "category": "ක්‍රීඩා"}, {"publisher": "බීබීසී සිංහල", "title": "ක්‍රිකට් ලෝක කුසලානය 2019: නවසීලන්ත පන්දු යවන්නන් හමුවේ ශ්‍රී ලංකාවේ පසුබෑමක්", "content": "2019 ලෝක කුසලාන තරගාවලියේ ශ්‍රී ලංකා කණ්ඩායම සහභාගී වූ පළමු තරගය, නවසීලන්ත කණ්ඩායමට එරෙහිව  වේල්ස්හි කාඩිෆ් නුවර සොෆියා ගාර්ඩ්න් ක්‍රීඩාංගණයේදී පැවැත්විණි. ", "date": "18/03/2019", "category": "ක්‍රීඩා"}, {"publisher": "බීබීසී සිංහල", "title": "බංග්ලාදේශ් ක්‍රිකට් කණ්ඩායමෙන් හොඳ ආරම්භයක්", "content": "2019 ලෝක කුසලාන ක්‍රිකට් තරගාවලියේ පස්වෙනි තරඟය අද ඉරිදා (ජුනි 02) ලන්ඩන් නගරයේ ඕවල් ක්‍රීඩාංගණයේ ආරම්භ විය.", "date": "08/06/2019", "category": "ක්‍රීඩා"}, {"publisher": "බීබීසී සිංහල", "title": "ක්‍රිකට් ලෝක කුසලාන: ශ්‍රී ලංකාවට පළමු ජයග්‍රහණය", "content": "එංගලන්තයේ මේ දිනවල පැවැත්වෙන ලෝක කුසලාන ක්‍රිකට් ශූරතාවලියේදී සිය පළමු ජයග්‍රහණය අත්පත් කරගැනීමට ශ්‍රී ලංකාව සමත්විය. ", "date": "30/03/2019", "category": "ක්‍රීඩා"}, {"publisher": "බීබීසී සිංහල", "title": "ක්‍රිකට් ලෝක කුසලානය: \"මැද පෙළ අසාර්ථක වීම අභියෝගයක්\"", "content": "අඟහරුවාදා (ජුනි 04) ඇෆ්ගනිස්තානය පරාජය කරමින් 2019 ලෝක කුසලාන තරගාවලියේ ප්‍රථම ජයග්‍රහණය වාර්තා කළ ශ්‍රී ලංකා කණ්ඩායම ඉදිරි දින කිහිපයේදී  තවත් තරග දෙකකට මුහුණ දීමට නියමිතය. ", "date": "01/01/2019", "category": "ක්‍රීඩා"}, {"publisher": "බීබීසී සිංහල", "title": "ක්‍රිකට් ලෝක කුසලානය: මහේන්ද්‍ර සිං ධෝනිගේ 'යුද අත්වැස්මට' ICCය හරස් වෙයි", "content": "එංගලන්තයේ දැන් පැවැත්වෙන ලෝක කුසලාන ක්‍රිකට් ක්‍රීඩා තරගාවලියේ දී යුද හමුදා ලාංඡනයක් සහිත ආරක්ෂක අත්වැස්මක් පැළඳීම  නතර කරන ලෙස ඉන්දීය කඩුලු රකින ක්‍රිකට් ක්‍රීඩක මහේන්ද්‍ර සිං ධෝනිගෙන්  ජාත්‍යන්තර ක්‍රිකට් පාලක මණ්ඩලය විසින් (ICC) ඉල්ලා සිටිනු ලැබීම ඉන්දියානුවන්ගේ බලවත් කෝපයට හේතු වී ඇත.", "date": "29/01/2019", "category": "ක්‍රීඩා"}, {"publisher": "බීබීසී සිංහල", "title": "ලෝක කුසලාන ක්‍රිකට්: කුසල් මෙන්ඩිස්ට හා මැතිව්ස්ට සංගක්කාර ලබාදෙන උපදෙස්", "content": "2019 ලෝක කුසලාන තරගාවලියේ  ශ්‍රී ලංකාව මුහුණ දෙන තවත් තීරණාත්මක සටනක් අඟහරුවාදා (ජුනි 11) එංගලන්තයේ බ්‍රිස්ටල් ක්‍රීඩාංගනයේ පැවැත්වීමට නියමිතය.", "date": "04/06/2019", "category": "ක්‍රීඩා"}, {"publisher": "බීබීසී සිංහල", "title": "ක්‍රීඩාවේ ජීව ගුණය රැකගත් ඉන්දීය නායක කෝලි, ගිල්ක්‍රිස්ට් සහ ඇන්ඩෲ ස්ට්‍රෞස්", "content": "ඉන්දීය ක්‍රිකට් නායක විරාත් කෝලි ලොව පුරා ක්‍රිකට් ක්‍රීඩා ලෝලීන්ගේ අවධානය දිනා ගැනීමට සමත්ව සිටින්නේ දක්ෂ පිතිකරුවෙකු වශයෙනි.", "date": "26/06/2019", "category": "ක්‍රීඩා"}, {"publisher": "බීබීසී සිංහල", "title": "ලෝක ක්‍රිකට් කුසලානයේ තණතීරු සහ 'අඩු සැළකිලි' ගැන ICC යෙන් ශ්‍රී ලංකාවට ප්‍රතිචාර", "content": "ජගත් ක්‍රිකට් කුසලානය ඇතුළු තමන් මෙහෙයවන සියලු ක්‍රිකට් ශූරතාවලි සඳහා තණතීරු භාරකරුවන් සමඟ ක්‍රියාකිරීමට ස්වාධීන තණතීරු උපදේශකයන් යොදවන බව අයිසීසී ජගත් ක්‍රිකට් පාලක මණ්ඩලය පවසයි.  ", "date": "27/02/2019", "category": "ක්‍රීඩා"}, {"publisher": "බීබීසී සිංහල", "title": "ලෝක කුසලාන ක්‍රිකට්: රෂීඩ් ඛාන් භාරගත් මුරලිගේ 'අමිහිරි වාර්තාව'", "content": "එක්දින ක්‍රිකට් ඉතිහාසයේ එක් ඉනිමක වැඩිම හයේ පහර එල්ල කළ ක්‍රීඩකයා ලෙස එංගලන්ත ක්‍රිකට් නායක ඉයන් මෝගන් ලෝක වාර්තා අතරට එක්විය.  ", "date": "05/03/2019", "category": "ක්‍රීඩා"}, {"publisher": "බීබීසී සිංහල", "title": "2019 ලෝක කුසලානය: වැඩිම බින්දු ශ්‍රී ලංකාවෙන්", "content": "2019 ක්‍රිකට් ලෝක කුසලාන තරගාවලියේ හරි අඩක් දැන් ක්‍රීඩා කර අවසන් වී තිබේ. තරග 48කින් සමන්විත ක්‍රිකට් ලෝක කුසලානයේ 24 වැනි තරගය ඊයේ (18) එංගලන්තය සහ ඇෆ්ගනිස්ථානය අතර පැවැත්වුණු අතර එහිදී වාර්තා රැසක් බිහිවිය.", "date": "19/06/2019", "category": "ක්‍රීඩා"}, {"publisher": "බීබීසී සිංහල", "title": "ශ්‍රී ලංකා ක්‍රිකට් ඉදිරි ගමනට T20 ලෝක කුසලානය දිනූ පුහුණුකරුගෙන් යෝජනා පහක්", "content": "\"කොහොම ද මචං... මට හොඳයි... ශ්‍රී ලංකාව හොඳට කරයි....\"", "date": "09/04/2019", "category": "ක්‍රීඩා"}, {"publisher": "බීබීසී සිංහල", "title": "බ්‍රසීලය: \"පිහියෙන් ඇන්නේ දේව නියෝගයක් අනුව\"", "content": "පසුගිය සැප්තැම්බරයේ පැවති ප්‍රචාරක රැළියක් අතරතුර බ්‍රසීල ජනාධිපති ජෙයර් බොල්සොනාරෝට (Jair Bolsonaro) පිහි ප්‍රහාරයක් එල්ල කළ පුද්ගලයා එම චෝදනාවලින් නිදහස් කරනු ලැබුණි.", "date": "18/01/2019", "category": "විදේශීය"}, {"publisher": "බීබීසී සිංහල", "title": "#MeToo: බොලිවුඩ් නළු නානා පටේකාර් ලිංගික හිංසන නඩුවෙන් නිදහස්!", "content": "බොලිවුඩ් සිනමා නළු නානා පටේකාර්ට එරෙහිව ඉදිරිපත්ව තිබුණ ලිංගික අතවර චෝදනා වලින් ඔහු නිදොස් කොට නිදහස් කරනු ලැබුණි.", "date": "29/01/2019", "category": "විදේශීය"}, {"publisher": "බීබීසී සිංහල", "title": "'ක්‍රයිස්ට්චර්ච්' මුස්ලිම් ජන ඝාතනයේ සැකකරු වරද පිළිනොගනී", "content": "පසුගිය මාර්තු මාසයේ නවසීලන්තයේ 'ක්‍රයිස්ට්චර්ච්' නගරයේ මුස්ලිම් පල්ලි දෙකකට පහර දී විශාල ජීවිත විනාශයක් සිදු කළ අපරාධයේ ප්‍රධාන සැකකරු ඔහුට එරෙහි සියලු චෝදනාවලට තමා නිවැරදිකරු වන බව පවසයි.", "date": "28/05/2019", "category": "විදේශීය"}, {"publisher": "බීබීසී සිංහල", "title": "අන්තර්ජාලය අවහිර කිරීමට එරෙහි ඉතියෝපියානු මහජන විරෝධය", "content": "කිසිදු හේතුවක් නොදක්වා ඉතියෝපියාව තුළ කෙටි පණිවුඩ සේවාවන් අවහිර කිරීමට එරට රජය පියවර ගෙන ඇත. ", "date": "10/03/2019", "category": "විදේශීය"}, {"publisher": "බීබීසී සිංහල", "title": "ඕමාන් ගල්ෆ් කලාපයේ ඉන්ධන නෞකා දෙකක පිපිරීම්: මිසයිල් ප්‍රහාරයක් බවට සැකයක්", "content": "ඕමාන් ගල්ෆ් කලාප මුහුදේදී ඉන්ධන ප්‍රවාහනය කරමින් තිබූ නෞකා දෙකක් තුළ සිදුවූ පිපිරීම්වලින් අනතුරුව එහි සිටි කාර්ය මණ්ඩල සාමාජිකයින් බේරා ගැනීමට හැකිව තිබේ.", "date": "07/05/2019", "category": "විදේශීය"}, {"publisher": "බීබීසී සිංහල", "title": "ඊශ්‍රායලය: රාජ්‍ය මුදල් අවභාවිත කළ බව අගමැති බිරිඳ පිළිගනී", "content": "රාජ්‍ය මුදල් අවභාවිත කළ බව පිළිගත් ඊශ්‍රායල අගමැති බෙන්යමින් නෙතනියාහුගේ බිරිඳට ඇමරිකානු ඩොලර් 15,000ක මුදලක් ආපසු ගෙවීමට සිදු වනු ඇත.  ", "date": "26/04/2019", "category": "විදේශීය"}, {"publisher": "බීබීසී සිංහල", "title": "ක්‍රයිස්ට්චර්ච් ප්‍රහාරය: සජීවී දර්ශන හුවමාරු කරගත් පුද්ගලයාට සිර දඬුවම්", "content": "සමාජ මාධ්‍ය ඔස්සේ සජීවීව විකාශය වූ නවසීලන්තයේ ක්‍රයිස්ට්චර්ච්හි මුස්ලිම් දේවස්ථානයට එල්ල කළ ප්‍රහාරයේ වීඩියෝව යළි හුවමාරු කර ගත් (Share) නවසීලන්ත වැසියෙකුට මාස 21ක සිර දඬුවමක් පනවා තිබේ.", "date": "03/05/2019", "category": "විදේශීය"}, {"publisher": "බීබීසී සිංහල", "title": "චෙන්නායි ජල අර්බුදය: නිවෙස්වලට ජලය නැහැ - අවන්හල් වසා දැමෙයි", "content": "ප්‍රධාන ජලාශ හතරක් සිඳී යාම නිසා දකුණු ඉන්දියාවේ චෙන්නායි නගරය උග්‍ර ජල අර්බුදයකට මුහුණ පා ඇත.   ", "date": "20/06/2019", "category": "විදේශීය"}, {"publisher": "බීබීසී සිංහල", "title": "ඉන්ධන නෞකා ප්‍රහාරය: සෞදි අරාබිය සහ ඉරානය අතර මැද පෙරදිග මතු වන අළු යට ගිනි පුපුරු", "content": "ඕමාන් ගල්ෆ් කලාපීය මුහුදේදී ඉන්ධන ප්‍රවාහන නෞකා දෙකකට පසුගිය දා එල්ල කළ ප්‍රහාරය සම්බන්ධයෙන් සෞදි අරාබිය සිය ප්‍රතිවාදී ඉරානයට චෝදනා කරයි.", "date": "18/02/2019", "category": "විදේශීය"}, {"publisher": "බීබීසී සිංහල", "title": "කවුද හොරු? දේශපාලන නායකයන් කරන 'හොරකම්'", "content": "බොහෝ රටවල දේශපාලන පක්ෂ සහ ඒවා නියෝජනය කරන දේශපාලනඥයන් බලය දිනා ගනු ලබන්නේ දූෂණ සහමුලින් ම පිටු දකිමින් දූෂිතයන්ට දඬුවම් කරන බවට ප්‍රතිඥා දෙමිනි.", "date": "28/02/2019", "category": "විදේශීය"}, {"publisher": "බීබීසී සිංහල", "title": "මැද පෙරදිග උණුසුම: ඉරානය ඇමෙරිකානු ඔත්තු සේවා යානයක් බිම හෙළයි", "content": "ඉරාන ගුවන් අවකාශය තුළදී නියමුවන් රහිත ඇමෙරිකානු ඔත්තු සේවා යානයකට පහර දී බිම හෙළූ බව ඉරානයේ රාජ්‍ය ආරක්ෂක හමුදා ශාඛාවක් වන ඉස්ලාම් විමුක්ති ආරක්ෂණ බළකාය පවසා තිබේ.", "date": "24/01/2019", "category": "විදේශීය"}, {"publisher": "බීබීසී සිංහල", "title": "මියන්මාර බෞද්ධ ප්‍රචණ්ඩත්වයේ \"විරතු මුහුණුවර\"", "content": "උන්වහන්සේ මුස්ලිම් පල්ලි හඳුන්වන්නේ සතුරු බලකොටු හැටියටය. මුස්ලිම් ජාතිකයන් හඳුන්වන්නේ \"පිස්සු බල්ලන්\" හැටියටය. එපමණක් නොව, මුස්ලිම්වරුන් බුරුම ගැහැණු සොරා ගන්නා බවටත් දූෂණය කරන බවටත්, ඔවුන්ගේ වර්ගයා වේගයෙන් බෝ කරන බවටත් උන්වහන්සේ චෝදනා කරති.", "date": "07/05/2019", "category": "විදේශීය"}, {"publisher": "බීබීසී සිංහල", "title": "සෞදි අරාබියට යුද අවි විකිණීම: බ්‍රිතාන්‍ය රජයට උසාවියෙන් අභියෝගයක්", "content": "බ්‍රිතාන්‍යයෙන් සෞදි අරාබියට මහා පරිමාණයෙන් යුද අවි අපනයනය කිරීමට එරෙහිව මානවවාදීන් ගෙන යන සටනේ එක් පියවරක් ජය ගෙන තිබේ.", "date": "26/06/2019", "category": "විදේශීය"}, {"publisher": "බීබීසී සිංහල", "title": "මැදපෙරදිග තවත් උණුසුම් වෙයි: ඉන්ධන මිලට සහ ගුවන් ගමන්වලට බලපෑම්", "content": "හෝමස් සමුද්‍ර සන්ධිය ආසන්න ප්‍රදේශයකදී ඇමෙරිකාවට අයත් නියමුවන් රහිත ආරක්ෂක සෝදිසි මෙහෙයුම් යානයකට පහර දී බිම හෙළීමෙන් ඉරානය \"විශාල අත්වැරද්දක්\" සිදු කර ඇතැයි ඇමෙරිකානු ජනාධිපති ඩොනල්ඩ් ට්‍රම්ප් පවසයි.", "date": "06/01/2019", "category": "විදේශීය"}, {"publisher": "බීබීසී සිංහල", "title": "පෙම්වතුන් සහ නීතිය: ශ්‍රී ලංකාවේ ලිංගික අධ්‍යාපනය කියන්නේ \"අපරාධයක්\"", "content": "පෙම්වතුන් අත්අඩංගුවට ගැනීම: ඔබේ අයිතිවාසිකම් දැන ගන්න ", "date": "27/03/2019", "category": "වෙනත්"}, {"publisher": "බීබීසී සිංහල", "title": "ඔස්කාර්: ඔලීවියා කෝල්මන් හොඳම නිළිය ලෙස සම්මාන ලබයි", "content": "ඉරිදා රාත්‍රියේ (පෙබ 24) පැවති ඔස්කාර් සම්මාන උළෙලේදී කිසිවෙක් බලාපොරොත්තු නොවූ ආකාරයට හොඳම නිළියට හිමි සම්මානය දිනා ගැනීමට බ්‍රිතාන්‍ය නිළි ඔලීවියා කෝල්මන් සමත් විය.", "date": "27/02/2019", "category": "වෙනත්"}, {"publisher": "බීබීසී සිංහල", "title": "ශ්‍රී ලංකා පාතාලය: \"කෙරුමන්ගේ\" අන්වර්ථ නම් හැදුණු හැටි", "content": "මාකඳුරේ මදුෂ්, කංජිපාන ඉම්රාන්, අංගොඩ ලොක්කා, පුල්ලපලම් අජ්මි, ජලිබර් සියාම්, ඕළු මරා, සන්ෂයින් සුද්දා, ජංගා, හයිබ්‍රිඩ් සුද්දා.  මේ, පසුගිය දිනවල ශ්‍රී ලංකාවේ මාධ්‍යවල නිතර ඇසුණු පාතාල නායකයන් බව පැවසෙන අයගේ නම් කිහිපයකි. ", "date": "24/03/2019", "category": "වෙනත්"}, {"publisher": "බීබීසී සිංහල", "title": "එච්අයිවී ප්‍රතිකාර: පිළිකා රෝගී එච්අයිවී ආසාදිතයා රෝග දෙකෙන්ම බේරේ", "content": "පිළිකා රෝගයෙන් පෙළෙමින් සිටි එච්අයිවී ආසාදිත බ්‍රිතාන්‍ය ජාතිකයෙකු පූර්වජ සෛල ", "date": "16/03/2019", "category": "වෙනත්"}, {"publisher": "බීබීසී සිංහල", "title": "ලෝක කුසලාන ක්‍රිකට්: ශ්‍රී ලංකාව සහ එංගලන්තය අතර එක් දින තරග ඉතිහාසය", "content": "2019 ක්‍රිකට් ලෝක කුසලානයේ ශ්‍රී ලංකාව සහභාගි වන තීරණාත්මක තරගයක් සිකුරාදා (ජුනි 21) සත්කාරක එංගලන්තය සමග පැවැත්වේ. ශ්‍රී ලංකාවේ අවසන් පූර්ව වටයට පිවිසීමේ බලාපොරොත්තු සඳහා මෙම තරගය ජය ගැනීම අතිශයින් වැදගත් වේ.  ", "date": "21/01/2019", "category": "ක්‍රීඩා"}, {"publisher": "බීබීසී සිංහල", "title": "ශ්‍රී ලංකාව තුළ ලිංගික අධ්‍යාපනය සලකන්නේ \"ලිංගික අපරාධයක් විදියට\"", "content": "යෞවන වියට පා තබන දියණියක හෝ පුතෙකු සිටින දෙමව්පියන්ගෙන් අති බහුතරය සිය දරුවන් ප්‍රේම සබඳතා කෙරෙහි යොමුවන්නේ ද යන්න සම්බන්ධයෙන් දැඩි අවධානයකින් පසුවෙති. ", "date": "19/05/2019", "category": "වෙනත්"}, {"publisher": "බීබීසී සිංහල", "title": "ලෝක කුසලානය 2019 : \"අවිශ්ක ප්‍රනාන්දු කොහෙද හිටියේ ?\"", "content": "2019 ක්‍රිකට් ලෝක කුසලානයේ ශ්‍රී ලංකා-එංගලන්ත තරගය  එක්සත් රාජධානියේ හෙඩින්ලි ක්‍රීඩාංගනයේදී සිකුරාදා (ජුනි 21) ආරම්භ විය. ", "date": "24/06/2019", "category": "ක්‍රීඩා"}, {"publisher": "බීබීසී සිංහල", "title": "ක්‍රිකට් ලෝක කුසලානය: ශ්‍රී ලංකාව ප්‍රබල එංගලන්ත කණ්ඩායම පරාජය කරයි", "content": "2019 ක්‍රිකට් ලෝක කුසලානයේ ප්‍රබලතම කණ්ඩායම බව සැළකෙන සත්කාරක එංගලන්ත කණ්ඩායම පරාජය කිරීමට ශ්‍රී ලංකාව සමත් විය. ", "date": "26/05/2019", "category": "ක්‍රීඩා"}, {"publisher": "බීබීසී සිංහල", "title": "ඇමරිකාව ඉරාන අවි පද්ධතියට 'සයිබර් ප්‍රහාරයක් එල්ල කරයි'", "content": "ඉරානය සහ ඇමරිකාව අතර උණුසුම තවදුරටත් ඉහළ යමින් පවතී. ", "date": "04/04/2019", "category": "විදේශීය"}, {"publisher": "බීබීසී සිංහල", "title": "මැද පෙරදිග උණුසුම: සෞදි අරාබියේ අභා ගුවන් තොටුපළට යළිත් ප්‍රහාරයක්", "content": "සෞදි අරාබියේ අභා ගුවන් තොටුපළට යළිත් වරක් යේමනයේ හුති කැරලිකරුවන්ගෙන් එල්ල වූ ප්‍රහාරයකින් සිරියානු වැසියෙකු ජීවිතක්ෂයට පත්ව තිබේ.", "date": "21/05/2019", "category": "විදේශීය"}, {"publisher": "බීබීසී සිංහල", "title": "මංගල රාත්‍රිය: ඇඳ ඇතිරිල්ලේ 'රතු පැල්ලම' සොයන අල්ලපු කුටියේ ස්ත්‍රිය", "content": "\"අපේ මධුසමය දවසේ එයා මා ඉදිරියේ නිරුවත් වෙනකොට මට විශාල බයක් ඇති වුණා,\" ඇය අතීතය සිහිපත් කළාය.", "date": "19/06/2019", "category": "විදේශීය"}, {"publisher": "බීබීසී සිංහල", "title": "ශ්‍රී රාහුල විද්‍යාලය, ඉසුර විද්‍යාලය ලෙස නම් කිරීම ගැන සමාජ ජාල ඔස්සේ කෝපය", "content": "තොටගමුවේ ශ්‍රී රාහුල හිමිපාණන් නමින් නම් කළ පාසලක් බස්නාහිර පළාතේ මහ ඇමති ඉසුර දේවප්‍රියගේ නමින් නම් කිරීම සම්බන්ධයෙන් සමාජ ජාල ඔස්සේ කෝපය පළ වේ.", "date": "11/01/2019", "category": "වෙනත්"}, {"publisher": "බීබීසී සිංහල", "title": "බ්‍රිතාන්‍යයේ වෙසෙන තවත් \"දීප්තිමත්\" ශ්‍රී ලාංකික දරුවෙක්: අයින්ස්ටයින්ටත් වඩා IQ ඉහළයි", "content": "බ්‍රිතාන්‍යයේ වාසය කරන දරු දැරියන් අතරින් දක්ෂතම දැරිය ලෙසින් සම්මාන ලැබීමට දොළොස් හැවිරිදි ශ්‍රී ලාංකික දැරියක් පසුගියදා සමත් වූවාය.", "date": "12/01/2019", "category": "වෙනත්"}, {"publisher": "බීබීසී සිංහල", "title": "නවකවදය සහ විශ්වවිද්‍යාල අධ්‍යාපනය: සමාජ ජාල ඔස්සේ කතාබහට", "content": "පළමු වැන්නා: ", "date": "16/06/2019", "category": "වෙනත්"}, {"publisher": "බීබීසී සිංහල", "title": "මහනුවර රූගත කිරීම සම්බන්ධයෙන් සමාජ ජාල ඔස්සේ කරුණු දැක්වීමක්", "content": "සාම්ප්‍රදායික උඩරට ඇඳුමින් සැරසුණු විදේශිකයන් දෙදෙනෙකු මහනුවර ශ්‍රී දළදා මාලිගය ආසන්නයේ කළ රූගත කිරීමකට අදාළ වීඩියෝ දර්ශන සමාජ ජාල ඔස්සේ විශාල වශයෙන් හුවමාරු වෙමින් පවතී. ", "date": "07/04/2019", "category": "වෙනත්"}, {"publisher": "බීබීසී සිංහල", "title": "ජනතා විමුක්ති පෙරමුණේ නිර්මාතෘ රෝහණ විජේවීර සහ ශ්‍රී ලංකාවේ වාමාංශික දේශපාලනය", "content": "තිස් වසරකට පෙර, 1989 වසරේ නොවැම්බර් 13 වෙනිදා ජනතා විමුක්ති පෙරමුණේ නායක රෝහණ විජේවීර අත්අඩංගුවේ දී මියගිය බව සඳහන් කරමින් එවක බලයේ සිටි රජය නිවේදනයක් නිකුත් කළේය. නමුත් මරණය සිදු වූ ආකාරය පැහැදිලිව ප්‍රකාශ වී නොතිබිණි. ", "date": "07/03/2019", "category": "වෙනත්"}, {"publisher": "බීබීසී සිංහල", "title": "මේ 'වයිට්නින් ක්‍රීම්' භාවිත කරන්නේ බලාගෙනයි! - ශ්‍රී ලංකාවේ පාරිභෝගිකයන්ට අනතුරු ඇඟවීමක්", "content": "සම පැහැ ගැන්වීම සඳහා ශ්‍රී ලංකාවේ භාවිත කෙරෙන ඇතැම් ක්‍රීම් වර්ගවල ", "date": "02/01/2019", "category": "දේශීය"}, {"publisher": "බීබීසී සිංහල", "title": "ශ්‍රී ලංකාවේ ප්‍රහාරවල වේදනාව: \"සමහර දරුවන්ට නින්ද යන්නේ නැහැ කියනවා. හීනෙන් කෑ ගහනවලු\"", "content": "\"පුංචි ළමයි එක්ක අපි කතාබහ කරන කොට ඒ අයට මේක ඇත්තට ම භයානක සිදුවීමක්. ඒ සමහර අයට නින්ද යන්නේ නැහැ කියනවා. හීනෙන් කෑ ගහනව ලු. ඒ වගේ ම අම්මලාට ගොඩක් තුරුළු වෙලා ඉන්නවා කියල අම්මලා කිව්වා.\" ", "date": "23/05/2019", "category": "වෙනත්"}, {"publisher": "බීබීසී සිංහල", "title": "ඈත අභ්‍යවකාශයෙන් විහිදුණු ගුවන් විදුලි සංඥාවක් කැනඩා දුරේක්ෂයක සටහන් වෙයි", "content": "ඉතාමත් ඈතින් පිහිටි මන්දාකිණියකින් (galaxy) විහිදුණු අද්භූත සංඥාවක් කැනඩාවේ දුරේක්ෂයක සටහන් වී ඇතැයි තාරකා විද්‍යාඥයින් පිරිසක් අනාවරණය කර තිබේ.", "date": "22/04/2019", "category": "තාක්ෂණික"}, {"publisher": "බීබීසී සිංහල", "title": "රාවණා 1: \"ශ්‍රී ලංකාවේ පළමු චන්ද්‍රිකාව\" කක්ෂගත කිරීමට සූදානම්", "content": "\"ශ්‍රී ලංකාව වෙනුවෙන් පළමු වරට\" චන්ද්‍රිකාවක් නිර්මාණය කර එය කක්ෂගත කිරීමට ශ්‍රී ලාංකික දියණියක සහ පුතණුවෙක් සූදානමින් සිටිති.", "date": "06/04/2019", "category": "තාක්ෂණික"}, {"publisher": "බීබීසී සිංහල", "title": "කලාම්සැට් වී2: ඉන්දියාවේ සිසුන් පිරිසක් තැනූ 'බරින් අඩු ම චන්ද්‍රිකාව' කක්ෂගත කරයි", "content": "ඉන්දියාව ඔවුන් පවසන ආකාරයට 'ලෝකයේ අඩු ම බරින් යුත්' චන්ද්‍රිකාව අභ්‍යවකාශගත කර තිබේ.", "date": "05/06/2019", "category": "තාක්ෂණික"}, {"publisher": "බීබීසී සිංහල", "title": "ආමාශයේ ගෙඩි සහ තුවාල නිරීක්ෂණය කිරීමට පිම්බෙන බෙහෙත් පෙත්තක්", "content": "ආමාශය ආශ්‍රිත ගැටිති සහ තුවාල හඳුනා ගැනීම සඳහා සුවිශේෂී 'බෙහෙත් පෙත්තක්' නිෂ්පාදනය කළ බව ඇමෙරිකානු විද්‍යාඥයින් පිරිසක් පවසති. ", "date": "05/02/2019", "category": "තාක්ෂණික"}, {"publisher": "බීබීසී සිංහල", "title": "ස්පොටඩ් හෑන්ඩ්ෆිෂ්: වඳ වෙමින් පවතින අත් සහිත ඇවිදින මාළුවා සංරක්ෂණයට පියවර", "content": "ඔස්ට්‍රේලියාවේ ටස්මේනියාහි ඉතා කුඩා මුහුදු සීමාවක පමණක් දැකිය හැකි දුර්ලභ මත්ස්‍ය විශේෂයක් වන \"ඇවිදින මාළුවා\" හෙවත් ස්පොටඩ් හෑන්ඩ්ෆිෂ් (Spotted handfish) මත්ස්‍යයින් සංරක්ෂණය කිරීමේ මෙහෙයුමක් ආරම්භ කර තිබේ.", "date": "28/04/2019", "category": "තාක්ෂණික"}, {"publisher": "බීබීසී සිංහල", "title": "රාවණා 1: \"ශ්‍රී ලංකාවේ පළමු චන්ද්‍රිකාව\" ජපාන අභ්‍යවකාශ ගවේෂණ ඒජන්සිය වෙත", "content": "ශ්‍රී ලාංකිකයින් දෙදෙනෙකු විසින් නිර්මාණය කරනු ලැබ \"ශ්‍රී ලංකාව වෙනුවෙන් පළමු වරට\" කක්ෂගත කිරීමට නියමිත චන්ද්‍රිකාව සඳුදා (පෙබරවාරි 18) ජපාන අභ්‍යවකාශ ගවේෂණ ඒජන්සිය (Japanese Aerospace Exploration Agency - JAXA) වෙත භාර දුන්නේය.", "date": "05/06/2019", "category": "තාක්ෂණික"}, {"publisher": "බීබීසී සිංහල", "title": "චීනය: 'ෂාඕමී' සමාගමේ තුනට නැවිය හැකි ස්මාර්ට් ජංගම දුරකතනය", "content": "කොටස් දෙකකින් දිග හැරීමෙන් බැබ්ලට් පරිගණයක් බවට පරිවර්තනය කර ගත හැකි ස්මාර්ට් ජංගම දුරකතනයක් Xiaomi සමාගම විසින් හඳුන්වා දෙනු ලැබ තිබේ.", "date": "29/03/2019", "category": "තාක්ෂණික"}, {"publisher": "බීබීසී සිංහල", "title": "'හොංකොං' ජනමතය ඉදිරියේ චීනය නව නීතිය හකුලා ගනී", "content": "චීනය විසින් ඉල්ලා සිටිනු ලබන සැකකරුවන් බේජිං පාලනයට  භාර දීමට අවශ්‍ය  නෛතික ඉඩකඩ ලබා දෙමින් පෙරට තබන ලද, විශාල මහජන විරෝධයකට මුල් වූ පනත් කෙටුම්පත අත්හිටුවීමට පියවර ගත් බව හොංකොං ප්‍රධාන විධායක පාලිකා කැරී ලෑම්(Carrie Lam) නිවේදනය කළාය.  ", "date": "03/03/2019", "category": "විදේශීය"}, {"publisher": "බීබීසී සිංහල", "title": "කොලෙස්ටරෝල් සඳහා වන ඖෂධ ගැන ශ්‍රී ලාංකික පර්යේෂකයින් පිරිසකගෙන් නව සොයා ගැනීමක්", "content": "ශ්‍රී ලංකාව ඇතුළු ලොව පුරා වෙසෙන බාල, තරුණ, මහලු කෝටි සංඛ්‍යාත පිරිසක් ශරීරයේ කොලෙස්ටරෝල් වැඩි වීමේ තත්ත්වයෙන් පීඩා විඳිති. ", "date": "17/01/2019", "category": "තාක්ෂණික"}, {"publisher": "බීබීසී සිංහල", "title": "වඳ වූ බවට සැක කළ ලොව විශාලතම මී මැස්සා පණ පිටින් සොයා ගැනේ", "content": "වඳ වී ගොස් ඇතැයි විශ්වාස කළ ලොව විශාලතම මී මැස්සා දශක ගණනාවකට පසු යළි සොයා ගැනීමට හැකි වී තිබේ.", "date": "13/04/2019", "category": "තාක්ෂණික"}, {"publisher": "බීබීසී සිංහල", "title": "බ්‍රිතාන්‍යයේ \"දීප්තිමත් ම දරුවා\" ලෙස සම්මාන ලැබූ ශ්‍රී ලාංකික දැරියගෙන් ලංකාවේ දරුවන්ට උපදෙසක්", "content": "බ්‍රිතාන්‍යයේ වාසය කරන දරු දැරියන් අතරින් දක්ෂතම දැරිය ලෙසින් සම්මාන ලැබීමට පසුගිය සති අන්තයේ දොළොස් හැවිරිදි ශ්‍රී ලාංකික දැරියක් සමත් වූවාය. ", "date": "09/01/2019", "category": "තාක්ෂණික"}, {"publisher": "බීබීසී සිංහල", "title": "පුරුෂයන් වෙනුවෙන් නිමවෙන උපත් පාලන පෙති සහ එන්නත්", "content": "පුරුෂයන් වෙනුවෙන් සැකසුණු උපත් පාලන ඖෂධ පරිභෝජනයට සුදුසු මට්ටමක පවතී ද යන්න පිළිබඳ පැවැත්වූ ආරම්භක පරීක්ෂණ සාර්ථක වී ඇතැයි විශේෂඥයෝ පවසති.   ", "date": "07/05/2019", "category": "තාක්ෂණික"}, {"publisher": "බීබීසී සිංහල", "title": "මන්දාකිණියක කළු කුහරයක් පළමු වරට ඡායාරූපයට නැගූ හැටි", "content": "මන්දාකිණියක පිහිටි කළු කුහරයක ඡායාරූපයක් පළමු වරට කැමරාවක සටහන් කර ගැනීමට තාරකා විද්‍යාඥයින් පිරිසක් සමත් විය.", "date": "02/06/2019", "category": "තාක්ෂණික"}, {"publisher": "බීබීසී සිංහල", "title": "මන්දාකිණියක කළු කුහරයක් පළමු වරට ඡායාරූපයට නැගූ හැටි", "content": "\"රාක්ෂයෙකුට\" සම කෙරෙන කළු කුහරය ", "date": "25/03/2019", "category": "තාක්ෂණික"}, {"publisher": "බීබීසී සිංහල", "title": "රාවණා 1: සාර්ථකත්වය ගැන නිර්මාණකරුවෝ අදහස් දක්වති", "content": "ශ්‍රී ලාංකිකයින් දෙදෙනෙකු විසින් නිර්මාණය කරන ලද 'රාවණා 1' චන්ද්‍රිකාව රැගත් සිග්නස් රොකට්ටුව ශ්‍රී ලංකා වේලාවෙන් බ්‍රහස්පතින්දා (18) අලුයම 2.16ට ජාත්‍යන්තර අභ්‍යවකාශ මධ්‍යස්ථානය කරා සාර්ථකව ගමන් ඇරඹීය.", "date": "06/06/2019", "category": "තාක්ෂණික"}, {"publisher": "බීබීසී සිංහල", "title": "හෝමෝ ල්‍යුසොනෙන්සිස්: වඳ වී ගිය මානව විශේෂයක කොටස් හමුවෙයි", "content": "මානව පවුලේ ඉතිහාසය අලුතෙන් ලිවීමට සිදුව තිබේ. ඒ, වඳ වී ගිය මානව වර්ගයක සාක්ෂි පිලිපීනයෙන් හමුවීම හේතුවෙනි.", "date": "11/04/2019", "category": "තාක්ෂණික"}, {"publisher": "බීබීසී සිංහල", "title": "ශ්‍රී ලාංකික මහාචාර්යවරයෙකුට බ්‍රිතාන්‍ය රාජකීය සමාජයේ සාමාජිකත්වය හිමි වෙයි", "content": "ලොව ප්‍රමුඛ පෙළ විද්‍යාඥයින්ගෙන් සැදුම් ලත් එක්සත් රාජධානියේ රාජකීය සමාජයේ (The Royal Society) සාමාජිකත්වය ශ්‍රී ලාංකික මහාචාර්යවරයෙකුට හිමි වී තිබේ.", "date": "13/05/2019", "category": "තාක්ෂණික"}, {"publisher": "බීබීසී සිංහල", "title": "\"මිනිසුන් ගංජා බොන්නේ අවුරුදු දෙදාස් පන්සීයකටත් පෙර පටන් \"", "content": "අඩු තරමින් මෙයින් අවුරුදු 2500 කට පෙර මිනිසුන් ගංජා (කංසා) දුම පානය කරන ලද බව තහවුරු කෙරෙන සාක්‍ෂි බටහිර චීනයේ සොහොන් ගැබකින්  සොයා ගැනීමට  විද්‍යාඥයන් කණ්ඩායමක් සමත් වී ඇත.", "date": "31/01/2019", "category": "තාක්ෂණික"}, {"publisher": "බීබීසී සිංහල", "title": "රාවණා 1: 'ශ්‍රී ලාංකික' චන්ද්‍රිකාව පෘථිවියෙන් නික්මීමට සූදානම්", "content": "ශ්‍රී ලාංකිකයින් දෙදෙනෙකු විසින් නිර්මාණය කරනු ලැබු 'රාවණා 1' චන්ද්‍රිකාව රැගත් රොකට්ටුව ශ්‍රී ලංකා වේලාවෙන් බ්‍රහස්පතින්දා (අප්‍රේල් 18) අලුයම 2.16ට කක්ෂගත කිරීමට නියමිතය.", "date": "11/04/2019", "category": "තාක්ෂණික"}]