[{"publisher": "සිළුමිණ", "title": "පසුගිය ලෝක ශූරයන්ට දැවැන්ත අභියෝග දෙකක්", "content": "අන්තර්ජාතික ක්‍රිකට් කවුන්සිලයේ නවතම ශ්‍රේණිගත කිරීම්වල ප්‍රථම ස්ථානය එංගලන්තයට හිමිවන විට, පිළිවෙළින් ඉන්දියාව, නවසීලන්තය, දකුණු අප්‍රිකාව, ඔස්ට්‍රේලියාව පළමු පස්දෙනා අතරට පැමිණීමට සමත්ව තිබේ. අවසන් ස්ථානය ඇෆ්ගනිස්තානයට හිමිවන විට එක් පියවරක් ඉදිරියෙන් පසුවීමට ශ්‍රී ලංකාව සමත්ව තිබේ. මෙකී ශ්‍රේණිගත කිරීම්වල සිවුවැනි ස්ථානයේ පසුවන දකුණු අප්‍රිකාව මෙවර ක්‍රිකට් ලෝක කුසලානයට බලාපොරොත්තු පොදි බැඳගෙන ආ නමුත්, ඔවුන්ට පළමු ජය වාර්තා කර ගැනීමට හැකි වූයේ ඇෆ්ගනිස්තානය සමඟ පැවැති සිවුවැනි තරගයේදීය. බංග්ලාදේශය සහ ඉන්දියාව සමඟ පැවැති තරග පරාජය වූ අතර කොදෙව් තරගය විසඳුමකින් තොරව අවසන් විය.", "date": "28/05/2019", "category": "වෙනත්"}, {"publisher": "සිළුමිණ", "title": "ජාතික හැඟීමක් නැති තැන ජාතික ජයග්‍රහණයක් කොහිද?", "content": "ලෝක කුසලාන තරගාවලියේ ඉදිරියට යාමට නම් ශ්‍රී ලංකා ක්‍රීඩකයන් තරග කාරිත්වයෙන් යුක්තව ක්‍රීඩා කරන්න ඕනෑ. ඒක ඉන්දියාව අනුකරණය කිරීමෙන් කරන්න පුළුවන් දෙයක් නෙවෙයි. ඉන්දියාව එක්ක ගනිද් දී අපි තවමත් ඉන්නේ සීමිත දක්ෂතා අතරයි.", "date": "22/02/2019", "category": "වෙනත්"}, {"publisher": "සිළුමිණ", "title": "මුල් පිටුව", "content": null, "date": "14/02/2019", "category": "වෙනත්"}, {"publisher": "සිළුමිණ", "title": "හතුරුගේ මඟ පෙන්වීමෙන් ගොඩගිය බංග්ලාදේශය...", "content": "මෙවර ලෝක කුසලාන ක්‍රිකට් තරගාවලියේ තරග කිහිපයක්ම වර්ෂාව නිසා අත්හැර දැමීමට සංවිධායකයන්ට සිදු වුහ. ඒ අතරට ශ්‍රී ලංකා - බංග්ලාදේශ තරගයත් අයත්ය. තරගය පැවැත්වීමට නොහැකි වීම ගැන සිය අදහස් දක්වමින් බංග්ලාදේශ පුහුණුකරු ස්ටීව් රෝඩ්ස් අපූරු ප්‍රකාශයක් සිදු කළේය.", "date": "12/05/2019", "category": "වෙනත්"}, {"publisher": "සිළුමිණ", "title": "ජූනි: 23 සිට ජූනි: 29 තෙක්ඔ බට කොහොමද?", "content": "ලග්නාධිපති අඟහරු 4 බුද සමඟ ද, සිකුරු දෙවැන්නේ ද, රවි, රාහු 3, ගුරු 8 ද, ශනි, කේතු 9 ද ගමන්ගනී. එම ග්‍රහ ගෝචරය ගැන සැලකීමේ දී අන්‍යයන්ගෙන් තරමක හෝ ලාභ ලැබීමේ ඉඩ සැලසේ. ආදායම්වල වර්ධනයක් පෙන්වයි. යම් යම් බාධා ඇතත් වෘත්තීය, රැකීරක්ෂා කටයුතුවලට ශුභයි. ගෙදරදොර කටයුතු, යුගදිවිය සම්බන්ධ කටයුතුවල දී සුළු බාධා ඇතත් නිතරම සිනහමුසු මුහුණෙන් යුතුව කටයුතු කරයි. ස්ත්‍රී පක්ෂය සමඟ කරන කටයුතු සාර්ථක වේ. තරුණ තරුණියන් අතර ප්‍රේම සබඳතා වර්ධනය වේ. ආල බැඳීම් සපල වේ. අධ්‍යාපන අංශවල නියුක්ත අයට පර්යේෂණ කටයුතුවලට, ගුප්ත ශාස්ත්‍රීයමය පරීක්ෂණවලට යහපත්ය.", "date": "04/06/2019", "category": "වෙනත්"}, {"publisher": "සිළුමිණ", "title": "මගේ ගුරු­තුමී", "content": "මගේ ගුරු­තු­මීගේ නම පී.කේ. මල්කාන්ති. ඇය හරිම කරු­ණා­ව­න්තයි. ඇය අපේ අම්මා වගේ අපට හොඳ නරක කියලා දෙනවා. අපව ළඟට අර­ගෙන ආද­ර­යෙන් අකුරු උග­න්න­නවා. ඇය ලස්සන කවි කථා කියලා දෙනවා.", "date": "21/04/2019", "category": "වෙනත්"}, {"publisher": "සිළුමිණ", "title": "කිසිදු කෘත්‍රිම රසායනික ද්‍රව්‍යයක් නැති හයිලන්ඩ් දේශයේ දරුවන්ට", "content": "අපේ රටේ කිරි දෙනුන්ගෙන් දොවා ගන්නා නැවුම් එළකිරි, පෝෂණීය කිරි පිටි බවට පත්වන සැබෑ ක්‍රියාවලිය දැක ගන්නට පසුගිය දා අඹේවෙල හයිලන්ඩ් කර්මාන්තශාලාවේදී අප මාධ්‍ය කණ්ඩායමට හැකි වූයේ, එහි කළ සංචාරයකදීය.", "date": "10/03/2019", "category": "වෙනත්"}, {"publisher": "සිළුමිණ", "title": "ආර්ථිකය ජය ගන්න මල්", "content": "ජාතික හා තිරසර සංවර්ධන ඉලක්ක කරා ආර්ථික, සමාජ හා පාරිසරික පසුබිම සකසමින් යන ගමනේ කාන්තාවන් ආර්ථික සහ සමාජීය වශයෙන් සවිබල ගැන්වීම ප්‍රමුඛ අවශ්‍යතාවයක් වී පවතී. අද කාන්තාවන් ලකාවේ දළ ජාතික නිෂ්පාදනයට කරන දායකත්වය 29% ක් වන අතර මෙය අනෙකුත් ආසියානු රටවල්වන ඉන්දියාව (18%), පකිස්ථානය (11%), සහ බංගලාදේශය (19%) හා සැසඳූ කල, ඉහළ අගයක් ගනී. නමුත්, ශ්‍රම බළකායේ කාන්තාවන්ගේ දායකත්වය, පිරිමින්ගේ ශ්‍රම බළකා දායකත්වයෙන් (74.5%) හරි අඩකටත් වඩා අඩුය.", "date": "23/05/2019", "category": "වෙනත්"}, {"publisher": "සිළුමිණ", "title": "AIA සේවාලාභීන්ට නොමිලේ වෛද්‍ය උපදෙස්", "content": "ශ්‍රී ලංකාවේ දුරකථන මාධ්‍ය හරහා වෛද්‍ය සේවාවන් ලබා දෙන ප්‍රමුඛතම සේවා සම්පාදකයා වන ODoc සමගින් AIA රක්ෂණ සමාගම තම සේවාලාභින් හට නොමිලේ ප්‍රතිලාභ රැසක් ලබාදීමේ ගිවිසුමකට එළඹ ඇත. ශ්‍රී ලංකාව තුළ විශ්‍රාම, ජීවිත සහ සෞඛ්‍ය රක්ෂණ සැලසුම් සම්බන්ධයෙන් ප්‍රමුඛස්ථානයක් ගන්නා AIA රක්ෂණ සමාගම දැන් තම සේවාලාභීන් සහ ඔවුන්ගේ ආදරණීයයන්හට අසීමිත වාර ගණනක්, නොමිලේ වෛද්‍ය උපදෙස් ලබා ගැනීමට මේ හරහා අවස්ථාව ලබා දී තිබේ.", "date": "16/01/2019", "category": "වෙනත්"}, {"publisher": "සිළුමිණ", "title": "‘96 ලෝක ශූරයෝ කියන කතාව", "content": "ලෝක කුසලාන ක්‍රිකට් තරගාවලියට සහභාගි ‍වී සිටින ශ්‍රී ලංකා කණ්ඩායම දිගින් දිගටම පරාජය වැලඳ ගනිමින් සිටියි.", "date": "25/06/2019", "category": "ක්‍රීඩා"}, {"publisher": "සිළුමිණ", "title": "මුල්‍ය වෘත්තිකයන් ගනුදෙනුකරුවාට මග පෙන්විය යුතුයි", "content": "සමස්ත ආර්ථිකයටම බලපෑමක් වී ඇති මුත්, බොහෝ ඉක්මනින් අප යථා තත්ත්වයට පැමිණිය යුතුය. සුළු හා මධ්‍ය පරිමාණ ව්‍යාපාර, ස්වයං රැකියා නියුක්තිකයන් ඇතුළු සමස්ත ව්‍යාපාර ක්‍ෂේත්‍රයටම බලපා ඇති මේ අවස්ථාව, වඩාත් හොඳින් කළමනාකරණය කර ගන්නේ කෙසේදැයි තරුණ වෘත්තියවේදියෙකුගෙන් විමසුවෙමු. ඒ අනූව එල්. බී ෆිනෑන්ස් අලෙවි ප්‍රධානී, සුදීප් පෙරේරා දැක්වූ අදහස් මේ.", "date": "06/02/2019", "category": "වෙනත්"}, {"publisher": "සිළුමිණ", "title": "දියවැඩියාවට අලුත්ම හේතු මෙන්න", "content": "සීනි අධික ආහාර අනුභව කරන විට “බලාගෙනයි ...දියවැඩියාව හැදෙයි” යනුවෙන් අනතුරු අඟවන බොහෝ දෙනකු අපට හමු වන්නේ සීනි ශරීරගත වී සීනි මට්ටම ඉහළ යෑමෙන් දියවැඩියාව හටගන්නා බව සමාජගත වී ඇති නිසා ය. ශරීරගත වී තිබෙන සීනි මට්ටම ඉහළ යෑමෙන් දියවැඩියාව හටගන්නා බවත් සීනි මට්ටම පහළ ගිය විට කෝමා තත්ත්වය ඇති වන බවත් අප කවුරුත් දන්නා කාරණයකි.", "date": "03/05/2019", "category": "වෙනත්"}, {"publisher": "සිළුමිණ", "title": "බිරිය මරන්න දුන් කොන්ත්‍රාත්තුව අතේ පත්තු වූ හැටි", "content": "මිනී මැරුම් කොන්ත්‍රාත්තුව ගත්තෙ රජ්ගම ප්‍රාදේශීය සභාවේ ලිපිකාරිණියක්", "date": "12/04/2019", "category": "වෙනත්"}, {"publisher": "සිළුමිණ", "title": "පොහොර සහනාධාර තුනී ලෑලි වලට අරන්", "content": "පසුගිය සිළුමිණ පුවත්පතින් අප පෙන්වා දුන් පරිදි සහනාධාර පොහොර අරන් අලුත් ජාවාරමක් සිදු කරන මහා පරිමාණ සමාගම් දෙකක් පිළිබඳ පූර්ණ පරීක්ෂණ සිදුකර ඇතැයි ජාතික පොහොර ලේකම් කාර්යාලය පවසයි.", "date": "07/02/2019", "category": "දේශීය"}, {"publisher": "සිළුමිණ", "title": "කවි මඬල", "content": "රතු­වුණ කම්මුල්", "date": "15/05/2019", "category": "වෙනත්"}, {"publisher": "සිළුමිණ", "title": "රුසියානු මිත්‍රත්වයේ දෑත් චීනය වෙත දිගු වෙයි", "content": "දේශපාලනය තරම් ගතිකත්වයෙන් යුතු දෙයක් මේ පෘථිවි තලය මත නැති තරම්ය. අඩු තරමේ කාලගුණය වුව දේශපාලනයට වඩා ස්ථාවර බවින් යුක්ත යැයි පැවසිය හැකිය. බලය මත පදනම්ව සබඳතා බිඳ වැටීමට සහ යළි ගොඩනැඟීමට ගත වන්නේ සුළු මොහොතකි.", "date": "23/06/2019", "category": "විදේශීය"}, {"publisher": "සිළුමිණ", "title": "උසස් විභාගවලට ශේක්ස්පියර් කෘති නුසුදුසු යැයි හිලරි මැන්ටල් කියයි", "content": "ඉංග්‍රීසි සාහිත්‍යයේ විශිෂ්ටතම ලේඛකයකු ලෙස සම්භාවනාවට පාත්‍රව සිටින විලියම් ශේක්ස්පියර්ගේ නාට්‍ය කෘති උසස් ඉංග්‍රීසි විභාග සඳහා නිර්දේශ කිරීමට සුදුසු නැති බව බුකර් ත්‍යාගලාභී ඉංග්‍රීසි ලේඛිකාවක වන හිලර් මැන්ටල් පසුගියදා ප්‍රකාශ කළාය. ප්‍රබන්ධ සාහිත්‍ය උදෙසා පිරිනැමෙන ලෝ ප්‍රකට බුකර් ත්‍යාගය දිනූ ප්‍රථම ලේඛිකාව ලෙස සැලකෙන හිලරි මැන්ටල් වැනි ලේඛිකාවක මෙවැනි ප්‍රකාශයක් කිරීම බොහෝ දෙනකු පුදුමය පළ කර තිබේ. මේ පිළිබඳව අදහස් පල කරන අධ්‍යාපන විශේෂඥයකු වන ශ්‍රීමත් සයිමන් ස්චාමා පවසන්නේ විෂයක් ලෙස ඉංගී‍්‍රසි සාහිත්‍යය හදාරන සිසු සිසුවියන් ශේක්ස්පියර්ගේ කෘති වැඩි වැඩියෙන් හැදෑරීම වැදගත් වන බවයි. එහෙත් ඔක්ස්ෆර්ඩ් විශ්වවිද්‍යාලයේ ශේක්ස්පියර් අධ්‍යයනය පිළිබඳ මහාචාර්යවරියක වන එමා ස්මිත් පවසන්නේ දැනට උසස් ඉංග්‍රීසි විභාග සඳහා නිර්දේශ කර ඇති ශේක්ස්පියර් කෘති පිළිබඳව තමන්ටද ගැටලු පවතින බවයි.", "date": "29/04/2019", "category": "වෙනත්"}, {"publisher": "සිළුමිණ", "title": "කව් ලැකියට ආ සඤ්ඤක අකුරු", "content": " ", "date": "13/02/2019", "category": "වෙනත්"}, {"publisher": "සිළුමිණ", "title": "අරුම පුදුම  මිනිස් ජීවිත!", "content": "ලෝකයේ අප මවිත කළ ලේඛකයන් අතුරින් තොල්ස්තෝයි ඉන්නේ පළමු පෙළක ය. මේ අපූරු ලේඛකයාගේ නිර්මාණ එකක් නෑර වෙනස් වෙනස් අන්ත කරා පිය නඟන්නේ ඔහුගේ පරිකල්පනීය සීමා ගැන ඔබට මට සිතා ගැනීමටවත් නොහැකි වේගයකිනි.", "date": "01/02/2019", "category": "වෙනත්"}, {"publisher": "සිළුමිණ", "title": "උඩින් පැන යා නොහැකි ජාතික සංස්කෘතික උරුමය ", "content": "ශ්‍රී ලාංකික දේශපාලනය නාට්‍යමය උත‍්ප්‍රාසයකින් යුතුව ගලා බසින සරදම් සහිත ගංගාවක් ලෙස දිස් වුව ද ඒ ගඟ දියෙහි ඇත්තේ නොපැහැදිලි කැළඹිල්ලකැයි අපට සිතේ. පාස්කු ඉරිදා ම්ලේච්ඡ ප්‍රහාරයෙන් සිඳී බිඳී ගිය ජනතාවගේ ආධ්‍යාත්මය තවමත් සුවපත් වී නැත. එයින් උද්ගත වූ දේශපාලන අඳුර දුරලීම සඳහා ආණ්ඩුවට හෝ මුස්ලිම් දේශපාලන නායකයන්ට මෙතෙක් හැකි වී නැත. ජනාධිපතිවරයා විසින් ආරක්ෂක අංශ මෙහෙයවමින් කරන ලද මැදිහත් වීම නොවන්නට මේ රට ම යළි ලේ විලක් වීමට ද ඉඩ තිබුණි. යළිත් සාමාන්‍ය ජන ජීවිතය ගොඩ නඟා ගත හැකි වීමේ ගෞරවය ත්‍රිවිධ හමුදාවලට හා පොලිසියට හිමි වේ. ඉනික්බිතිව උදා වූ දේශපාලන කැළඹිල්ල සුපුරුදු දිය යටින් ගින්දර ගෙන යෑමේ දේශපාලන ප්‍රතිචාරයක් බව දැන් හොඳට ම තහවුරු වී තිබේ. පාස්කු ප්‍රහාරය පිළිබඳ විමර්ශනය කිරීම සඳහා පත් කරන ලද පාර්ලිමේන්තු තේරීම් කාරක සභාවෙන් විපක්ෂය ඉවත් වූයේද එය දේශපාලනීකරණය වූ වංක මෙහෙයුමක් බවට චෝදනා කරමින් ය. මෛත්‍රිපාල සිරිසේන ජනාධිපතිවරයා ද එ් තේරීම් කමිටුව සමඟ එකඟ වූයේ ම නැත. එයින් මතු වූ ව්‍යවස්ථාදායක විධායක ගැටුමේ විවිධ ජවනිකා අපි දුටුවෙමු. එය සත්තකින් ම එ් ප්‍රහාරය ගැන විමර්ශනයට පත් වූ කමිටුවක් ද, නොඑසේ නම් ප්‍රහාරයේ වගකීම ජනාධිපතිවරයාගේ ඇඟට දැමීමට ඇටවූ උගුලක් ද යන්න නුදුරු අනාගතයේදී ම කරුණු සහිතවම තහවුරු කර ගත හැකිය. කුමක් වුවත් ඒ කමිටුව විසින් ජාතික ආරක්ෂාවට සිදු කරන ලද අනතුර පිළිබඳ බරපතල විවේචනයක් අපට ද තිබේ. රූපවාහිනි මාධ්‍ය මගින් අප දුටු කොමිසමේ සාක්ෂි විභාගය බරපතල වගකීම් සහිත ක්‍රියාන්විතයක් නොවු බව ප්‍රකට වූ අවස්ථා වැඩි බව ද සඳහන් කළ යුතුය.", "date": "17/04/2019", "category": "දේශීය"}, {"publisher": "සිළුමිණ", "title": "සීමා නිර්ණය කිරීමේදී කිසිම ජාතියකට ආගමකට අසාධාරණයක් කළේ නෑ", "content": "කිසිදු ජාතියකට හෝ ආගමකට හෝ අසාධාරණයක් සිදු නොවන පරිදි සියයට සියයක්ම නිවැරැදිව පළාත් සභා මැතිවරණ කොට්ඨාස සීමා නිර්ණය කිරීමේ වාර්තාව නිකුත් කළ බව එම කොමිෂන් සභාවේ සභාපති ආචාර්ය කේ. තවලිංගම් මහතා ප්‍රකාශ ක‍රයි.", "date": "22/04/2019", "category": "දේශීය"}, {"publisher": "සිළුමිණ", "title": "නූතන කවීන්ගේ  ප්‍රධාන ගැට­ලුව  උරු­මය අම­තක කර අනු­කා­ර­ක­වාදී වීමයි : ආචාර්ය  ගුණ­දාස අම­ර­සේ­කර", "content": "ගුණදාස අමරසේකරයෝ මෙරට සිටින ප්‍රමුඛ පෙළේ සාහිත්‍යධරයෙකි. 1929 උපන් අමරසේකරයන් මේ වන විට සියවස් දෙකක සාහිත්‍ය ක්‍රියාකාරකම්, මතවාද, ප්‍රතිවාද සියැසින් දුටුවෙකි. 1948 වසරේදී ඔහු නිර්මාණ සාහිත්‍යකරණයට එළැඹෙන්නේ ‘සිළුමිණ’ පුවත්පතට කවි ලියමිනි. එනයින් බලන කල සිළුමිණ ශාස්ත්‍රීය සංග්‍රහය අමරසේකරයන් වන් සාහිත්‍යධරයකු බිහිකිරීමේ මූලික අඩිතාලම දැමීම සොම්නසට කරුණකි. තමා ලියූ පළමු නවකතාවෙන් ම සම්මානයට පාත්‍ර වන හේ වත්මන වන විට සාහිත්‍ය ලෝකයේ ගෞරවනීය නමක් දිනාගත් කෘතහස්ත ලේඛකයෙකි; විචාරකයෙකි; කවියෙකි; ශාස්ත්‍රීය පර්යේෂකයෙකි. මෙවර පුන්කලස සංලාපයට එක්වන ඔහු නිර්මාණ සාහිත්‍යය බංකොළොත්වී ඇති බවත්, ඒ සඳහා බලපෑම් කළ හේතු කාරණා පිළිබඳවත් සනිදර්ශිත විග්‍රහයක යෙදේ.", "date": "28/02/2019", "category": "වෙනත්"}, {"publisher": "සිළුමිණ", "title": "යුද්ධයට වියදම්, නමුත් සාමය සඳහා වියදම් එපා! ", "content": "යුද්ධයෙහි අඳුරු සෙවණැලි මෙන් ම යුද්ධයෙහි අවතාර ද දේශපාලන කරළියෙහි තවමත් රඟනු පෙනේ. යුද්ධය ඇති වූයේ කෙසේ ද? කවර හේතුවක් නිසා ද? යන පැනයනට නිසි පිළිතුරක් සෙවීමට වඩා යුද්ධය නිම වී නම් පවතින්නේ සාමය යැයි යන මුලාව බොහෝ ශ්‍රී ලාංකිකයන් තුළ පවතී. මේ අතර යුද්ධයෙන් පෝෂණය වුවන් හට නැවතත් යුද්ධයක් අවශ්‍ය කර තිබේ. ඔවුන්ට සාමය සංහිඳියාව යන වචන පවා ඉතා ඇලර්ජික් ය; සංහිඳියාව ආගන්තුක විය. තිස් වසරක යුද්ධයක් පැවති රටක් තුළ සංහිඳියාව ආගන්තුක වීම ඇලර්ජික් වීම අරුමයක් නොවේ. එනම් යුද්ධයෙන් බැට කෑ පීඩාවට පත්වූවන් බොහෝ වුවත්; යුද්ධයෙන් ඵල ලැබූවන් ද විය.", "date": "31/05/2019", "category": "දේශීය"}, {"publisher": "සිළුමිණ", "title": "වර්ගවාදයෙන් රට ගිනි තියන උන්මන්තකයන් නවත්වන්න ගෙනා නීතියේ රඟ", "content": "2007 අංක 56 දරන සිවිල් හා දේශපාලන අයිතිවාසිකම් පිළිබඳ අන්තර්ජාතික සම්මුතිය (ICCPR), සිවිල් යුද සමයේ මෙන්ම පාස්කු ප්‍රහාරයෙන් පසුව සිදු වූ අත්අඩංගුවට ගැනීම් සම්බන්ධයෙන් ප්‍රබල සංවාදයට ලක් වූ පනතකි.", "date": "13/04/2019", "category": "දේශීය"}, {"publisher": "සිළුමිණ", "title": "ඩබල් ගේම් ගහන අය විශ්වාසභංගයේදී බලාගන්න පුළුවන්", "content": "ඔබ පක්ෂය විසින් ආණ්ඩුවට එරෙහිව ගෙනා විශ්වාසභංගය විවාදයට ගන්න දැන් දින දීල තියෙන්නෙ? ඊළඟ ක්‍රියාමාර්ගය කුමක්ද?", "date": "26/01/2019", "category": "දේශීය"}, {"publisher": "සිළුමිණ", "title": "අපේ අපේක්ෂකයා ගෝඨාභයමයි", "content": "‍‍ගෝඨාභය රාජපක්ෂ මහතා පොදු ජන පෙරමුණේ ජනාධිපති අපේක්ෂකයා කියලා පසුගිය දිනක මාධ්‍ය සාකච්ඡාවකදී ඔබ විසින් ප්‍රකාශ කළා. මෙය පොදු ජන පෙරමුණ පක්ෂයේ ඒකමතික තීන්දුවක්ද ?", "date": "20/05/2019", "category": "දේශීය"}, {"publisher": "සිළුමිණ", "title": "ඉදිරි විශ්වාසභංගයේදී අපේ බහුතරය පෙන්වනවා", "content": "ජනතා විමුක්ති පෙරමුණ ආණ්ඩුවට එරෙහිව ඉදිරිපත් කර තිබෙන විශ්වාස භංග යෝජනාවට මේ වනවිට ඒකාබද්ධ විපක්ෂයේත් සහාය ලැබී තිබෙනවා. මෙවන් පසුබිමක් තුළ ආණ්ඩුව මේ විශ්වාස භංග යෝජනාවට මුහුණ දෙන්නේ කොහොමද?", "date": "15/06/2019", "category": "දේශීය"}, {"publisher": "සිළුමිණ", "title": "පුස් වෙඩි සහ හිස් මඩ", "content": "1961 ඔක්තෝබර් මස 26 වැනි දින නියෝජිත මන්ත්‍රී මණ්ඩලයේ කථානායක ආර්. එස්. පැල්පොල මහතා වෙත, හිත සසළ කරන ලියුමක් ලැබුණි.", "date": "30/05/2019", "category": "දේශීය"}, {"publisher": "සිළුමිණ", "title": "පරි­ව­ර්ත­නය සඳහා තෝරා ගන්නේ  මා රස විඳි පොත් පම­ණයි : මංජුල දිසා­නා­යක", "content": "ජේම්ස් රෝලින්ස් යනුවෙන් හැඳින්වෙන ලොව ප්‍රකට ලේඛකයකු වන ජේම්ස් කැස්ජ්කොවුස්කි විසින් රචිත ‘ඇමසෝනියා’ කෘතිය එනමින් ම සිංහල බසින් පරිවර්තනය කර තිබෙන්නේ මංජුල දිසානායක විසිනි. ‘මළවුන්ගේ හෝරාව’, ‘මැදියම් රැයේ ඇවිදින පඹයා’ ‘කුණාටුව’ වැනි පරිවර්තන නවකතා කීපයක් පළ කළ මංජුල දිසානායක චන්ද්‍රිකා සහ රොකට් තාක්ෂණය, අසිරිමත් සොබාදහම, මහ සයුරේ වතගොත වැනි විවිධ විෂයයන් යටතේ ද පොත් රචනා කරන ලේඛකයෙකි. ලේක්හවුස් ආයතනයේ මිහිර පත්‍රයේ මාධ්‍යවේදියකු ලෙස සේවය කරන මංජුල දිසානායක සමඟ පැවැත්වූ සම්මුඛ සාකච්ඡාවකි මේ.", "date": "18/06/2019", "category": "වෙනත්"}, {"publisher": "සිළුමිණ", "title": "2020 කවුරු ජනාධිපති වුණත් ඒක බලයක් නැති තනතුරක්", "content": "එළැඹෙන ජනාධිපතිවරණයෙන් පසුව ඒ ධූරයේ පෙර පැවති විධායක බලය විශාල ලෙස අහිමි වෙනවා නේද?", "date": "21/02/2019", "category": "දේශීය"}, {"publisher": "සිළුමිණ", "title": "බර­සාර පත පොත අතර ම   දොළ ළඟ ගුරු පාර දිගේ   ගීය ද ලියූ කිවිපති  විමල් අභ­ය­සු­න්දර  ", "content": "දිනක් හැමටම හොරෙන් මද්දහනයේ සාහිත්‍ය කීර්ති ඩබ්ල්යු. ඒ. සිල්වා සූරීන්ගේ ‘කැලෑ හඳ’ කියවමින් සිටි ගැටවරයකුගේ හිස මතට පේර කෝටු පහර පතිත විය. පේර කෝටුවෙන් ඔහු දඬුවම් ලැබූයේ ‘කැලෑ හඳ’ කියවමින් සිටි ‘අපරාධයට’ ය. ඔහුගේ හිසෙන් ලේ බිඳු කිහිපයක් පිටවුණ ද නවකතා කියවීම එතකින් තරුණයා අත් නොහළේ ය. මේ 1933 වසරය. ඒ වනවිට පියදාස සිරිසේන, ඒ.ටී.සී. ජිනදාස, මාර්ටින් වික්‍රමසිංහ, පී.ඩී. ලියනගේ යන ලේඛකයන්ගේ නවකතා කියැවීමෙන් ලැබූ හුරු පුරුදුකම් ඇත්තකු විය. මේ අපූරු රසිකයා විමල් අභයසුන්දර ය. ඔහු එදා තමා ලැබූ ඒ කටුක අත්දැකීම් විස්තර කර ඇත්තේ මෙසේ ය.", "date": "02/06/2019", "category": "වෙනත්"}, {"publisher": "සිළුමිණ", "title": " ගැලවී යා නොහැකි  යථා­ර්ථයේ කැට­පත කළු සහ සුදු", "content": "පසුගිය දා ජේ.ඩී.ඒ පෙරේරා කලාගාරයේ පැවති Shades of Black and White (කළු සහ සුදු ) සමූහ චිත්‍ර ප්‍රදර්ශනය ශ්‍රී ලංකා චිත්‍ර කලා ඉතිහාසයේ හරස් කඩකි. එය විශේෂ මුද්‍රාවක් තබන ලද සිතුවම් දැක්මකි. ආචාර්ය මනෝරංජන⁣⁣ මෙහි අභිරක්ෂකයා විය. මේ සඳහා මහාචාර්ය ජගත් වීරසිංහ, මහාචාර්ය සරත් චන්ද්‍රජීව, මහාචාර්ය චන්ද්‍රගුප්ත තේනුවර, ආචාර්ය මනෝරංජන හේරත්, ආචාර්ය ප්‍රියන්ත උඩගෙදර, ආදාර්ය දර්ශන ප්‍රසාද්, කිංස්ලි ගුණතිලක, සරත් ගුණසිරි, අනිල් අතපත්තු, ජගත් රවින්ද්‍ර, නෙලුන් හරස්ගම, ප්‍රදීප් චන්ද්‍රසිරි, කෝරලේගෙදර පුෂ්පකුමාර, නිලන්ති වීරසේකර, දිලිනි පෙරේරා, සුජීවා කුමාරී, චමින්ද ගමගේ, සංජීව කුමාර, වජිර ගුණවර්ධන, සුජිත් රත්නායක, ටී.පී.ජී අමරජීව, සංජය සෙනෙවිරත්න, සුදත් අබේසේකර, චමිල ගමගේ, දමිතා ඉද්දමල්ගොඩ, ජේ.සී රත්නායක, සත්සර ඉලංගසිංහ, අනුෂා ගජවීර, ගයාන් ප්‍රගීත්, ජයන්ත පුෂ්පකුමාර, චතුරිකා ජයනි, පුන්කජ් මානව්, සන්තොෂ් ජෙයින්, ලේඛා වෛලොපිල්ලෙයි, හෙම් රාජ්, මොහාන් සිංග් ආදී දෙස් විදෙස් සිතුවම් ශිල්පීන් රාශියක් සම්බන්ධ විය.", "date": "03/02/2019", "category": "වෙනත්"}, {"publisher": "සිළුමිණ", "title": "නවතම Huawei Y5 2019 ජංගම දුරකතනය වෙ‍ෙළඳපළට", "content": "Huawei Y ස්මාර්ට් ජංගම දුරකතන පෙළට එක්වූ නවත ම සාමාජිකයාවන Y5 ජංගම දුරකතනය නවතම විශේෂාංග රැසකින් සමන්විතය.", "date": "08/03/2019", "category": "වෙනත්"}, {"publisher": "සිළුමිණ", "title": "මහාචාර්ය සුචරිත ගම්ලත්ගේ බුද්ධ චරිතය ", "content": "මහැදුරු ගම්ලතුන් විසින් ලියා පළ කරන ලද කෘති සංඛ්‍යාව සියය ඉක්මවයි. විවිධ මාතෘකා යටතේ නිබැඳු ඒවා එකක් පරයා අනෙකට නැගී සිටින්නට අවස්ථාවක් නැති විශිෂ්ට කෘති වෙයි. එහෙත් ඒ අතරිනුත් ඉහළ නැගී සිටින ඔහුගේ විශිෂ්ටතම කෘතිය ‘බුද්ධ චරිතය’යි සිතමි.", "date": "25/03/2019", "category": "වෙනත්"}, {"publisher": "සිළුමිණ", "title": "ශ්‍රී ලංකා ඉන්ෂුවරන්ස් දැවැන්තම බෝනස් දීමනාව", "content": "ශ්‍රී ලංකා ඉන්ෂුවරන්ස් මෙරට රක්ෂණ ඉතිහාසයේ දැවැන්තම බෝනස් දීමනාව වන රු කෝටි 760ක ජීවිත රක්ෂණ බෝනස් දීමනාව සිය ජීවිත රක්ෂණ සැලසුම් හිමියන් වෙත ප්‍රධානය කරන අතර 2006 වසරේ සිට මේ දක්වා රුපියල් කෝටි 5000කට අධික මුදලක් බෝනස් දීමනාව ලෙස ප්‍රධානය කොට තිබේ. ශ්‍රී ලංකා ඉන්ෂුවරන්ස් වෙතින් රක්ෂණ ඉතිහාසයේ දැවැන්තම බෝනස් දීමනාව ප්‍රකාශයට පත්කිරීමත් සමගම ශ්‍රී ලංකා ඉන්ෂුවරන්ස් සතු රක්ෂණ ක්ෂේත්‍රයේ වැඩිම බෝනස් දීමනාව ලෙස 2018 වර්ෂයේ ප්‍රදානය කළ රු කෝටි 680ක වාර්තාව බිඳහෙලමින් සිය වාර්තාව අලුත් කරගැනීමට ශ්‍රී ලංකා ඉන්ෂුවරන්ස් සමත්ව ඇති අතර වසරින් වසර රක්ෂණ ක්ෂේත්‍රය තුල පූර්වාදර්ශ සපයන්නට සමත්ව තිබේ.", "date": "19/02/2019", "category": "වෙනත්"}, {"publisher": "සිළුමිණ", "title": "ලංකා හොස්පිටල්ස් ඉරිදාට වාසි රැසක්", "content": "ලංකා හොස්පිටල්ස් ඉරිදා දිනවල බාහිර රෝගී අංශයේ සේවා අතරට අමතර පහසුකම් හා ආකර්ෂණීය දීමනා රැසක් හඳුන්වා දෙයි. ‘ඉරිදාටත් අපි, සඳුදා මෙන් ඔබේ සුවයට කැප වෙමු’ යන තේමාව යටතේ ක්‍රියාත්මක වන ඉරිදා බාහිර රෝගී අංශය රෝගීන්ට මෙන්ම ඔවුන් කැටුව එන්නන්ටද පහසුකම් රැසක් සපයයි. සියලුම අංශවල විශේෂඥ වෛද්‍ය සේවා මෙන්ම නොමිලේ වාහන ගාල් කිරීම, ඉරු දින සායනයට පැමිණ රෝහලේ සිට නිවසට යෑමේදී නොමිලේ ප්‍රවාහනය, නොමිලේ වයි ෆයි පහසුකම්, ළමයින්ට සෙල්ලම් පිටියක් ඇතුළුව ඉරිදා දින සතුටින් ගත කිරීමේ පහසුකම් ගණනාවක් මීට අයත්ය. එමෙන්ම සහන ගාස්තු යටතේ රසායනාගර සේවා, විකිරණ සේවා හා මැමෝග්‍රෑම් ලබා ගැනීමටද ඉරිදා දිනවල හැකිය.", "date": "25/06/2019", "category": "වෙනත්"}, {"publisher": "සිළුමිණ", "title": "මොකක්ද ඇත්තටම මේ ‘ධර්මය’ කියන්නේ?", "content": "තෙරුවන් සරණ යන විට අප ‘බුද්ධං සරණං ගච්ඡාමි, ධම්මං සරණං ගච්ඡාමි, සංඝං සරණං ගච්ඡාමි’ කියනවා. පුංචිකාලයේදී අප අවබෝධයකින් යුතුව මේ පාඨ කියවන්නේ නැහැ. ඒ වගේම, ලොකු වුණාට පස්සේත් අප මේවා කියන්නේ හරියට දැනගෙන වෙන්නත් පුළුවන් - නොදැන වෙන්නත් පුළුවන්! මේ නිසා අප අද ‘ධර්මය’ කියලා සරණ යන්නේ නිවැරදිවම කුමක්දැයි විමසා බලමු.", "date": "09/05/2019", "category": "වෙනත්"}, {"publisher": "සිළුමිණ", "title": "LOLC තවත් ශක්තිමත් මූල්‍ය වසරක් නිමා කරයි", "content": "LOLC සමූහය, පසුගිය දශකය පුරා ප්‍රදර්ශනය කළ විශිෂ්ට ක්‍රියාකාරිත්වය යළි තහවුරු කරමින් 2019 මාර්තු 31 වැනිදායින් අවසන්වූ මූල්‍ය වසර සඳහා තවත් විශිෂ්ට වසරක ප්‍රතිඵල ප්‍රකාශයට පත් කළේය. එහිදී, 2018 වසරේ වාර්තා වූ රුපියල් බිලියන 24.66 ක බදු පෙර ලාභයට සාපේක්ෂව රු.බි. 26.81 ක ශක්තිමත් බදු පෙර ලාභයක් වාර්තා කිරීමට හැකිව තිබේ. අඛණ්ඩව සිය ජයග්‍රහණ අබිබවා යෑමට සමත්වූ LOLC සමූහය 2019 මාර්තු 31 න් අවසන්වූ මූල්‍ය වසර තුළ රු.බි. 19.62 ක බදු වලට පසු ලාභයක් වාර්තා කෙළේය", "date": "16/05/2019", "category": "වෙනත්"}, {"publisher": "සිළුමිණ", "title": "අම්බලම හා බැඳුණු පුරාණ ජන සංස්කෘතිය", "content": "වැලිවිටියේ ශ්‍රී සෝරත නාහිමියන් අම්බලම් ලෙස හඳුන්වා ඇත්තේ මඟීන්ට විශ්‍රාම ගැනීම සඳහා මාර්ගාසන්නයේ ඉදි කළ ගෙවල් යනුවෙනි. ‘අඩිපලම්’ නැමති දෙමළ ශබ්දයෙන් අම්බලම් නැමති සිංහල වචනය බිඳී එන්නා ඇතැයි තවත් මතයකි.", "date": "07/05/2019", "category": "වෙනත්"}, {"publisher": "සිළුමිණ", "title": "නුවර යුගයේ විහාර චිත්‍ර මත ලියැවුණු බිතු ලේඛනවල නොකියැවුණු කතාව", "content": "ශ්‍රී ලාංකේය සිතුවම් කලාවේ ඉතිහාසය ප්‍රාග් ඓතිහාසික හෝ වැදි චිත්‍ර ( Pre historic or vedda rock - art) සම්ප්‍රදාය දක්වා දිවයයි. කෙසේ වෙතත්, ශ්‍රී ලංකාවේ සිතුවම්වලින් බහුතරය, බෞද්ධ විහාරයන්හි ඇති බෞද්ධ සංදර්භය සහිත සිතුවම් වේ. ප්‍රතිමාඝරවල පමණක් නොව, ධාතු ගර්භවල හා ස්තූප වාහල්කඩවල පවා එවැනි සිතුවම් ඇඳ තිබූ බවට පුරාවිද්‍යාත්මක සාධක පවතී. බෞද්ධ සංස්කෘතියේ ව්‍යාප්තිය සමඟම පැතිර ගිය ශ්‍රී ලංකාවේ සිතුවම් කලාව, කාලානුරූපව විවිධ ශෛලීන් මත පදනම් වී ඇති අතර ඒ අනුව අනුරාධපුර, පොලොන්නරු, ගම්පොළ හා මහනුවර යන යුග යටතේ එම ශෛලීන් හඳුනාගත හැකිය.", "date": "11/06/2019", "category": "වෙනත්"}, {"publisher": "සිළුමිණ", "title": "ලංගම මඟ නොතබන්නට යළි ගොඩ නැඟුණු", "content": "1956 වසරේ ජනසතු කළ ලංගම බස් රථ සේවාවේ බස් රථ මෙහෙයුම් පද්ධතියත් නඩත්තු පද්ධතියත් ඉහළින්ම පැවතුණි. බස් රථ නඩත්තුවේ ප්‍රධාන අංශයන් දෙකක් වූ අතර එයින් දෛනික නඩත්තු තටයුතු ලංගම ඩිපෝ හරහා සිදු වූ අතර ඩිපෝ හරහා සිදු කළ නොහැකි නඩත්තු කටයුතු මෙන්ම බස් රථ අනතුරට පත්වීමේදී සිදුවන යළි පුනරුත්ථාපනය කිරීමේ කටයුතු සඳහා ප්‍රධාන ආයතන දෙකක් ස්ථාපිත කෙරිණි. එයින් එක් නඩත්තු වැඩපොළක් ජාඇළ ඒකල සහ අනෙක් වැඩපොළ වේරහැරදී ස්ථාපිත කරන ලදී.", "date": "31/05/2019", "category": "වෙනත්"}, {"publisher": "සිළුමිණ", "title": "කොළඹ වටේ යන්න සැහැල්ලු දුම්රිය එනවා", "content": "ඉන්දියාවේ සිට කොළඹට එන වේලාවට වඩා වැඩි වේලාවක් බත්තරමුල්ලේ සිට කොටුවට ඒමට ගත වන බවට ‍බොහෝ අය පවසති. බත්තරමුල්ලේ වාහන තදබද අර්බුදය තවත් වැඩි වුණේ පුද්ගලයින් ලියාපදිංචි කිරීමේ දෙපාර්තමේන්තුව හා ආගමන හා විගමන දෙපාර්කමේන්තුවද බත්තරමුල්ලේ සුහුරුපායට පැමිණීමත් සමඟමය.", "date": "19/02/2019", "category": "වෙනත්"}, {"publisher": "සිළුමිණ", "title": "දශක හතරක ජනතා මෙහෙවර සමරන ජාතික නිවාස සංවර්ධන අධිකාරිය", "content": "අසූව දශකය ආරම්භයේ දී ජාතික නිවාස සංවර්ධන අධිකාරිය ස්ථාපිත වූයේ සමාජ සංවර්ධනය උදෙසා සහාය වූ පවුලේ තිරසාර භාවය සඳහා නිවසක හිමිකම ලබාදීමේ අපේක්ෂාවෙනි. මෙවන් සමාජ මෙහෙවරක් උදෙසා 1979 වසරේ ස්ථාපිත කෙරුණු ජාතික නිවාස සංවර්ධන අධිකාරිය වසර 40 ක් සම්පුර්ණ කරයි.", "date": "18/01/2019", "category": "වෙනත්"}, {"publisher": "සිළුමිණ", "title": "දෙවැනි සහරාන් සෞදියෙන් ගෙනා හැටි ", "content": "සහරාන්ගේ කල්ලියේ සන්නද්ධ අංශයේ ප්‍රධානියා බව කියන හයාතු මොහොමඩ් අහමදු මිල්හාන් හෙවත් අබු සීලන් දැන් සිටින්නේ අපරාධ පරීක්ෂණ දෙපාර්තමේන්තු භාරයේය. සෞදි අරාබි ආරක්ෂක අංශ අත්අඩංගුවේ සිටි ඔහු මෙරටට රැගෙන ඒමට හැකි වීම අපරාධ පරීක්ෂණ දෙපාර්තමේන්තුව පැත්තෙන් ලද සුවිශාල ජයග්‍රහණයකි. ඊට අන්තර්ජාතික පොලිසියෙන් ලැබී තිබුණේ දැවැන්ත සහායකි. ඒ බව අන්තර්ජාතික පොලිස් සංවිධානයේ මහා ලේකම් යෝගන් ස්ටොක් මහතාද සදහන් කර තිබිණි.", "date": "05/06/2019", "category": "වෙනත්"}, {"publisher": "සිළුමිණ", "title": "ඉදිකිරීම් කර්මාන්තය අලුත් පාරකට හැරවූ පේරාදෙණි දියණිය", "content": "සමස්ත ලෝකයේ ම අවධානය පසුගිය සති අන්තයේ මේ පුංචි දිවයින වෙත යොමු වුයේ මෙරට තරුණ විද්‍යාඥයන් දෙදෙනකු අතින් නිර්මාණය වූ රාවන් වන් චන්ද්‍රිකාව කක්ෂගත කිරීම හේතුවෙනි. මිලියන විස්සක පමණ ජනතාවක් වෙසෙන ශ්‍රීලංකාව ප්‍රමාණයෙන් කුඩා වුවත් මේ පුංචි රටේ ඉපද ලෝකය මවිත කරන නිර්මාණ කරන්නෝ ඉඳහිට පහළ වෙති.", "date": "30/03/2019", "category": "වෙනත්"}, {"publisher": "සිළුමිණ", "title": "මධුෂ්ගේ කුඩු ජාවාරමේ ඉන්න මන්ත්‍රීලා", "content": "ඩුබායි පොලිස් අත්අඩංගුවේ මාස තුනක් සිටි මාකඳුරේ මධුෂ් මෙරටට රැගෙන විත් දැන් මාසයකට වැඩිය. අපරාධ පරීක්ෂණ දෙපාර්තමේන්තුවේ හතර වැනි තට්ටුවේ රඳවාගෙන සිටින මධුෂ් මේ කාලය තුළ විමර්ශන නිලධාරීන් හමුවේ වමාරා ඇත්තේ ඔහු විසින් කළ අපරාධ ගැන පමණක් නොව, ඔහු සමඟ සම්බන්ධකම් පැවැත්වූ දේශපාලනඥයන්, පොලිස් නිලධාරීන් , නීතීඥවරුන්, ව්‍යාපාරිකයන් ඇතුළු සමාජයේ විවිධ තරාතිරම්වල පුද්ගලයන් ගැනද හෙළි කර ඇත.", "date": "20/03/2019", "category": "වෙනත්"}, {"publisher": "සිළුමිණ", "title": "ලෝකයේ ලේසර් තාක්ෂණය වෙනස් කළ අපේ මහාචාර්යවරයා", "content": "අපට ජපානයේ සරසවියක ඉගෙනුම් කටයුතුවල නියැළෙන ශ්‍රී ලාංකික තරුණයකුගෙන් හදිසියේ දුරකතන ඇමතුමක් ලැබිණි. “ලෝකයේ අලුත්ම සොයාගැනීමකට නායකත්වය දුන්න ලංකාවේ මහාචාර්යවරයෙක් හෙට අනිද්දා ලංකාවට එනවා. එතුමා ලේසර් තාක්ෂණය ගැන මෑතදී කළ සොයාගැනීම සමහර විට නොබෙල් තෑග්ගට පවා හිමිකම් කියන්න පුළුවන් තරමේ එකක්. මට පුළුවන් සම්බන්ධ කරලා දෙන්න.,, ශ්‍රී ලාංකේය අභිමානය ලෝ පතළ කරන්නට තරම් වැදගත් පර්යේෂණයක් කළ මේ මහාචාර්යවරයා ගැන අප තුළ උපන්නේ මහත් කුහුලකි.", "date": "21/06/2019", "category": "වෙනත්"}, {"publisher": "සිළුමිණ", "title": "සිරදඬුවම් අඩුකිරීමේ යෝජනාවක් ගේනවා", "content": "ඇතැම් රැඳවියෝ ඉන්නවා වසර දහය පහුවෙලත් නිවාස නිවාඩු නොලැබුණු. මේ අය ගැන සොයා බලන්න කමිටු පත්කරලා, බලපත්‍ර මණ්ඩල පත්කරලා මේ වැඩපිළිවෙළ කඩිනම් කිරීමේ වැඩසටහනක් සකස් කර තිබෙනවා. ඒ වගේම ජනාධිපතිතුමාගෙන් ඉල්ලා තිබෙනවා ජීවිතාන්තය දක්වා වන සිර දඬුවම අවුරුදු විස්ස හෝ පහළොව දක්වා අඩු කරන්න කියලා.", "date": "05/04/2019", "category": "වෙනත්"}, {"publisher": "සිළුමිණ", "title": "ලොකු සමාගම් විකුණන්නේ නමට විතරක් ‘පාරම්පරික, හාල්", "content": "පුදුමයකි. හෝමාගම නගර මැද පිහිටි පුංචි ගොවි ගෙදරකි. තවත් අතකින් එය තනිකරම පාරම්පරික බීජ බැංකුවකි. යාබදව දේශීය බිත්තර වී ගබඩාවකි. මසුරං, හීනටි, දික්වී, මඩතවාලු, සුදු හීනටි, මාවී වැනි පාරම්පරික වී කරල් එල්ලෙන ඒ ‍පුංචි ගොවි ගෙදර පිහිටියේ හෝමාගම පොලිසිය අසල රවුම් පාර ආරම්භයේ ය. එහි ගෘහමූලිකයා වන තම ජිවිතය පාරම්පරික වී වගාව වෙනුවෙන් ම කැප කළ පාරම්පරික බීජ හා ගොවි උරුමයන් සුරැකීමේ සංවිධානයේ ගරු සභාපති ප්‍රේමදාස ගුරුසිංහ මහතා අප ඉදිරියේ සිටියි.", "date": "28/04/2019", "category": "වෙනත්"}, {"publisher": "සිළුමිණ", "title": "මහ සඟරුවන රකින ආණ්ඩුවේ 'සුරක්ෂාව'", "content": "ශ්‍රී ලංකාවේ බුද්ධ ශාසනය රැක ගැනීම සඳහා බුද්ධශාසන අමාත්‍යාංශය විසින් වැඩසටහන් රාශියක් මේ වසර තුළ ක්‍රියාත්මක කර තිබේ.", "date": "11/01/2019", "category": "වෙනත්"}, {"publisher": "සිළුමිණ", "title": "කන්න නැතිව මැරුණු හම්බන්තොට කිරිකැටියා ගැන හෙළි වන ඇත්ත", "content": "සටහන හා සේයා රූ - සුරියවැව විශේෂ නුවන් ජයසේකර", "date": "17/03/2019", "category": "වෙනත්"}, {"publisher": "සිළුමිණ", "title": "වැලිකඩින් කොටසක් වටරැකට", "content": "වැලිකඩ බන්ධනාගාරයේ තදබදය අඩු කිරීම සදහා ඉදිරියේදි වැලිකඩ රැඳවියන්ගෙන් පිරිසක් වටරැක තරුණ වරදකරුවන්ගේ කඳවුරට ගෙන යෑමට නියමිත බව බන්ධනාගාර ආරංචි මාර්ග පවසයි.", "date": "09/02/2019", "category": "දේශීය"}, {"publisher": "සිළුමිණ", "title": "පාර්ලිමේන්තු වෛද්‍ය මධ්‍යස්ථානයට ගිලන් රථයක්", "content": "කථානායකවරයා විසින් සෞඛ්‍ය අමාත්‍යවරයාගෙන් කරන ලද ඉල්ලීමට අනුව සෞඛ්‍ය අමාත්‍යංශය මඟින් පාර්ලිමේන්තු වෛද්‍ය මධ්‍යස්ථානය වෙත නව ගිලන් රථයක් ලබා දීම කථානායක කරු ජයසුරිය මහතා සහ සෞඛ්‍ය අමාත්‍ය රාජිත සේනාරත්න මහතාගේ ප්‍රධානත්වයෙන් පාර්ලිමේන්තු මන්ත්‍රී පිවිසුම අසලදී සිදු වූ අවස්ථාව.", "date": "06/05/2019", "category": "දේශීය"}, {"publisher": "සිළුමිණ", "title": "භික්ෂූන් 30,000කට රක්ෂණය", "content": "දිවයින පුරා සිටින භික්ෂූන්වහන්සේ තිස්දහසකට පමණ ‘ශාසන සුරක්ෂා’ රක්ෂණය ලබා දීමට පියවර ගන්නා බව බුද්ධ ශාසන හා වයඹ සංවර්ධන ඇමැති ගාමිණි ජයවික්‍රම පෙරේරා මහතා පවසයි.", "date": "01/02/2019", "category": "දේශීය"}, {"publisher": "සිළුමිණ", "title": "මත් නිවාරණ උත්සවය ජනපති ප්‍රධානත්වයෙන්", "content": "ශ්‍රී ලංකාවේ මත්ද්‍රව්‍ය නිවාරණ වැඩපිළිවෙළ ශක්තිමත් කිරීමේ අරමුණින් ජාතික මත්ද්‍රව්‍ය නිවාරණ සතියක් ක්‍රියාත්මක කිරීමට රජය තීරණය කර තිබේ.", "date": "30/03/2019", "category": "දේශීය"}, {"publisher": "සිළුමිණ", "title": "පාසල්වලට අකිලගෙන් රතු එළියක්", "content": "පහසුකම් හා සේවා ගාස්තු බව හඟවමින් අනුමත පහසුකම් හා සේවා ගාස්තු වලට අමතරව චක්‍රලේඛ උල්ලංඝනය කරමින් පාසල්වලට සිසුන් ඇතුළත් කිරීමේදී මුදල් අයකරන හෝ වෙනත් ද්‍රව්‍ය ඉල්ලා සිටින විදුහල්පතිවරු සම්බන්ධයෙන් දැඩි ක්‍රියා මාර්ග ගන්නා බව අධ්‍යාපන අමාත්‍යාංශය සඳහන් කරයි.", "date": "19/01/2019", "category": "දේශීය"}, {"publisher": "සිළුමිණ", "title": "මීවනගර් හි ඉදිකළ 202 වැනි උදාගම්මානය ", "content": "මඩකලපුව එරාවුර්පත්තු, මීවනගර් හි ඉදිකළ 202 වැනි උදාගම්මානය වන ‘යූ.එල්. දාවූද් ග්‍රාමම්’ පසුගියදා නිවාස, ඉදිකිරීම් සහ සංස්කෘතික කටයුතු අමාත්‍ය සජිත් ප්‍රේමදාස මහතා අතින් ජනතා අයිතියට පත්වූ අවස්ථාව. රුපියල් ලක්ෂ 714 ක වියදමින් ඉදිකළ ‘යූ.එල්. දාවුද් ග්‍රාමම්’ උදා ගම්මානය නිවාස 25 කින් සමන්විත අතර අභ්‍යන්තර මාර්ග පද්ධතියකින්ද සමන්විතය. ගම්මානයට විදුලි බලය හා නළ ජලය සපයා ඇති අතර මෙහි නිවාස ඉදිකර ගැනීම සඳහා ජාතික නිවාස සංවර්ධන අධිකාරිය විසින් ප්‍රතිලාභීන් වෙත අඩු පොලී නිවාස ණය ලබා දී ඇති අතර මෙය ද ප්‍රජා සහභාගිත්ව නිවාස සංවර්ධන වැඩපිළිවෙළ යටතේ ඉදිවූ උදා ගම්මානයකි.", "date": "12/03/2019", "category": "දේශීය"}, {"publisher": "සිළුමිණ", "title": "ෂාෆිගේ හරි තොරතුරු 27 දා එළියට", "content": "වෛද්‍ය ෂාෆි මව්වරුන් වදභාවයට පත් කිරීමේ චෝදනාව සම්බන්ධයෙන් සැබෑ තත්වය ලබන බ්‍රහස්පතින්දා (27) හෙළි වීමට නියමිතය.", "date": "14/01/2019", "category": "දේශීය"}, {"publisher": "සිළුමිණ", "title": "පාර්ලිමේන්තුවේ විදේශ උපදේශකයන් ගැන සභානායක පැහැදිලි කරයි", "content": "පාර්ලිමේන්තුවට විදේශ උපදේශකයින්ගේ සේවය ලබා ගන්නේ බොහෝ කලක සිට බවත් වර්තමාන කථානායකවරයා ඒම තනතුරේ පත්වීමට පෙර පවා ඒවැනි උපදේශකයන් පත් කොට ඇති බවත් සභානායක අමාත්‍ය ලක්ෂ්මන් කිරිඇල්ල පසුගියදා පාර්ලිමේන්තුවේදී විශේෂ ප්‍රකාශයක් කරමින් කියා සිටියේය.", "date": "20/05/2019", "category": "දේශීය"}, {"publisher": "සිළුමිණ", "title": "කොරල් 90% ක් මිය ගිහින් ", "content": "ශ්‍රී ලංකාව වටා මුහුදු කලාපයේ ඇති කොරල් සියයට අනූවක පමණ ප්‍රමාණයක් මේ වන විට මියගොස් ඇතැයි සමුද්‍රීය පරිසර ආරක්ෂණ අධිකාරියේ සාමාන්‍යාධිකාරී ආචාර්ය ටර්නි ප්‍රදීප් කුමාර මහතා සිළුමිණට පැවසීය.", "date": "24/03/2019", "category": "දේශීය"}, {"publisher": "සිළුමිණ", "title": "ෂරියා විශ්වවිද්‍යාලයට රාජ්‍යතාන්ත්‍රික විමර්ශනයක්", "content": "ෂරියා විශ්වවිද්‍යාලයට මුදල් ලැබුණු ආකාරය මෙන්ම ඉදිකිරීම් සම්බන්ධයෙන් බලවත් ගැටලු පවතින හෙයින්, සෞදි රජයද සම්බන්ධ කරගෙන රාජ්‍ය තාන්ත්‍රික මට්ටමේ විමර්ශනයක් වහාම සිදු කළ යුතු බවත්, එහි පරීක්ෂණ අවසන් වන තෙක් හදිසි නීතිය යටතේ රජයට පවරා ගන්නා ලෙස අධ්‍යාපන,මානව සම්පත් සංවර්ධන ආංශික අධීක්ෂණ කාරක සභාවේ සභාපති, පාර්ලිමේන්තු මන්ත්‍රි මහාචාර්ය ආශූ මාරසිංහ මහතා නිර්දේශ කර ඇත.", "date": "08/06/2019", "category": "දේශීය"}, {"publisher": "සිළුමිණ", "title": "රවිගෙන් දේශපාලනයට ‘අධ්‍යාපන’ යෝජනාවලියක්", "content": "රටේ දේශපාලනය කිරීමට නම් අවම වශයෙන් අ.පො.ස. සා/පෙළ විභාගය හෝ සමත්ව තිබිය යුතු බවට යෝජනා කරනු ලබන බව විදුලිබල, බලශක්ති සහ ව්‍යාපාර සංවර්ධන අමාත්‍ය රවී කරුණානායක මහතා පවසයි. ඒ අනුව දේශපාලනයේ ඉදිරියට ගමන් කිරීමේදී නියෝජ්‍ය අමාත්‍යවරයෙක්.", "date": "17/02/2019", "category": "දේශීය"}, {"publisher": "සිළුමිණ", "title": "ප්‍රහාරය වළක්වා නොගත් පොලිස් ලොක්කන් රැසකට මාරු", "content": "පාස්කු ඉරිදා ප්‍රහාරය වළක්වා ගැනීමටත් එහි බලපෑම අඩු කර ගැනීමටත් නිසි ක්‍රියාමාර්ග නොගත් බව සදහන් ඉහළ පොලිස් නිලධාරීන් රැසකට ස්ථාන මාරුවීම් ලබාදීමට ජාතික පොලිස් කොමිසම පියවර ගෙන තිබේ.", "date": "05/04/2019", "category": "දේශීය"}, {"publisher": "සිළුමිණ", "title": "දිය සොයා දුම්රියෙන් ගමනක්...", "content": "ඉන්දියාවේ චෙන්නායි නුවර ජනතාව මේ දිනවල උග්‍ර ජල හිඟයකට මුහුණ දී සිටින බවට මේ දිනවල මාධ්‍ය වාර්තා පළ වෙනවා. තමිල්නාඩුවට පමණක් නොව එරට බොහෝ ප්‍රාන්තවලට තවමත් වසරේ නියම කාලයට ලැබිය යුතු මෝසම් වරුසාව ළඟ එන පාටක් පෙනෙන්නවත් නැතිතරම්. ඒ අතරින් පානීය ජල හිඟයට දරුණු ලෙස මුහුණ දී ඇත්තේ මහාරාෂ්ට්‍ර ප්‍රාන්තයයි. ප්‍රාන්තයේ පළාත් 32 අතරින් උග්‍ර ලෙසම ජල හිඟයෙන් පීඩාවට පත්ව සිටින්නේ මාරාත්වඩා පළාතේ ජනතාවයි. ලැබෙන ආරංචි අනුව ඒ පළාතේ තියෙන ජලාශවල ජල මට්ටම දැන් ඇත්තේ අන්තිම අඩියේය. දශක ගණනාවකට පසු මහාරාෂ්ට්‍රයට බලපෑ දරුණුම නියඟය මෙය බවයි වාර්තා වන්නේ. මින් පෙර කිසිම කලක ජල මට්ටම මෙතරම් පහළට නොබැසීම නිසා මෙවර ජනතාව කබලෙනුත් ළිපටම වැටෙන තැනටම පත්වෙලා. උග්‍ර පානීය ජල හිඟයට විසඳුම් ලැබෙන පාටක් නොපෙනෙද්දී ජනතාව ජලය සොයාගෙන නොයන තැනක් නැති තරම්.", "date": "17/02/2019", "category": "දේශීය"}, {"publisher": "සිළුමිණ", "title": "වැඩිම හයේ පහර මෝගන්ගෙන්", "content": "මෙතෙක් තරගාවලියේ හරි අඩක් ක්‍රීඩා කර අවසන් වී තිබේ. තරග 48කින් සමන්විත ක්‍රිකට් ලෝක කුසලානයේ 24 වැනි තරගය එංගලන්තය සහ ඇෆ්ගනිස්තානය අතර පැවැත්වුණු අතර එහිදී වාර්තා රැසක් බිහිවිය. මෙතෙක් තරගාවලියේ මෙතෙක් පැවති තරග 24දී බිහිවූ වාර්තා සහ ශ්‍රී ලංකා කණ්ඩායමට අදාළ සුවිශේෂී කරුණු කිහිපයකි. තරගාවලියට පෙර ලෝක කුසලාන ක්‍රිකට් ඉතිහාසයේම වර්ෂාව නිසා තරග අතහැර තිබුණේ තරග 2ක් පමණි. කෙසේ වෙතත් මෙවර ලෝක කුසලානයේ පළමු තරග 24න් තරග 4ක් ම වර්ෂාව නිසා අතහැර දැමීමට සිදුවිය. එයින් තරග දෙකක්ම ශ්‍රී ලංකාව සම්බන්ධ තරග දෙකක් වීමත් විශේෂත්වයකි.", "date": "05/06/2019", "category": "ක්‍රීඩා"}, {"publisher": "සිළුමිණ", "title": "ඔයා අද හරි වෙනස් ආපු වෙලාවේ ඉඳන් මට අමු­ත්තක් දැනෙ­නවා", "content": "ඔහු ඇය පසු­පස ගාට­න්නට වූයේ යෙහෙ­ළිය පිළි­බඳ කල්පනා කර­මිනි. අමාලි කුස­ගි­න්නෙන් පෙළෙන්නේ ද යන්නට වඩා ඔහු කල­ඹා­ලන්නේ කිනම් මොහො­තක හෝ ඇය දකි­න්නට තමාගේ බාර­කා­රිය සමත් වනු ඇත්දැයි යන්නය. පෙරට තබන පිය­ව­රක් පාසා ඔහු ඒ බියෙන් ද සැක­යෙන් ද පීඩා වින්දේය. එහෙත් රූස්ස ගසක මුදු­නට නඟි­න්නට එඩි­තර හා දක්ෂ එකි­යක මේ වේවැ­ලක් වැනි ගැහැ­නි­ය­කගේ දෑස­ටත් අත­ටත් හසු­ව­න්නට ඉඩක් නැතැයි සිත­මින් සැන­සු­ණේය.", "date": "02/06/2019", "category": "වෙනත්"}, {"publisher": "සිළුමිණ", "title": "නෙඵම් විල", "content": "මේ සිද්ධිය වූයේ සිංහල අවු­රු­ද්දට සති­ය­කට පමණ පෙර සතියේ දිනක ය.", "date": "17/04/2019", "category": "වෙනත්"}, {"publisher": "සිළුමිණ", "title": "උදෑ­සනක මල් අසු­නක් පිරි­සුදු කර විහාර මළු­වක් අතුගා ලබන සතුට ලොව කොතැ­න­කි­න්වත් ලබන්න බෑ", "content": "හෘද රෝගි­ය­කුට ප්‍රති­කාර පිණිස අපට නහ­ර­යක් ශුද්ධ කළ හැකියි. ඒත් එම නාළ අව­හිර වීම වළ­ක්වන්න බෑ. පාල­නය කරන්න පුළු­වන්. නමුත් හේතුව නැති කරන්න බෑ. බෞද්ධ දර්ශ­නයේ මේ සියලු දේ ඇති වීමට හේතු තියෙ­නවා. අප නවීන වෛද්‍ය විද්‍යා­වෙන් ලබන දැනුම බුදු දහ­මෙන් ලබන දැනු­මට වඩා අල්පයි.", "date": "25/02/2019", "category": "වෙනත්"}, {"publisher": "සිළුමිණ", "title": "හිස් අතින් ගෙදර එන පුත්ත­ලමේ බුලත් ගොවි දුක", "content": "* අපේ බුලත් ගන්නේ මුස්ලිම් ගොවීන්. ඒත් බුලත් කඩ­ව­ලට සිංහල මිනිස්සු යන්නේ නෑ.  ඒකෙන් අස­රණ වුණේ බුලත් වවන සිංහල ගොවීන්.", "date": "23/03/2019", "category": "වෙනත්"}, {"publisher": "සිළුමිණ", "title": "උතුරේ ධීවරයන්ගේ ජීවිත ගිනි තියන දේශපාලන මැරයෝ", "content": "යාපනයේ වඩමාරච්චි සිට ත්‍රිකුණාමලයේ පුල්මුඩේ දක්වා වූ මුහුදු තීරයේ කාලයක සිට සිදු වන අමනෝඥ ක්‍රියා මුළු ධීවර සංහතියටම පමණක් නොව මිනිස් ප්‍රජාවටම විශාල කැළලක් වී තිබේ.", "date": "03/03/2019", "category": "වෙනත්"}, {"publisher": "සිළුමිණ", "title": "ප්‍රසංග වේදි­කාව ජය­ ගත් හික්ක­ඩුවේ ෂයිනි", "content": "මෙරට කණ්ඩායම් සංගීත කේෂ්ත්‍රයට නව නාද රටාවන් එක්කරමින් ප්‍රසංග වේදිකාව ජයගත් ‘හික්කඩුවේ ෂයිනි‘ මෙවර BAND OF THE WEEK කතාබහට එක්කරගත්තෙමු. එහි නායක ජනක දීප්ති සිය කණ්ඩායමේ ආරම්භයේ සිට මේ වෙන තෙක් ලබා ඇති ජයග්‍රහණයන් පිළිබඳව මෙලෙස කතාබහක නියැළිණි.", "date": "14/06/2019", "category": "වෙනත්"}, {"publisher": "සිළුමිණ", "title": "සංචා­ර­ක­යන් ඇද­ගන්නා  ජපා­නයේ වී කලා නිර්මාණ ටැන්බෝ", "content": "ජපානයේ කුඩා නගරයක් වන ඉනාකඩේට් (Inakadate) නගරය සාම්ප්‍රදායික ගොවි නගරයක්. මෙහි වෙසෙන්නන් වසර දෙදහසක් වැනි විශාල කාලයක් පුරා වී වගා කරමින් ජීවත් වී තිබෙනවා. ක්‍රම ක්‍රමයෙන් තාක්ෂණය හා කාර්මිකරණය ප්‍රධාන නගර වෙලා ගන්නා විට මෙම කුඩා නගරයේ තරුණ පරම්පරාවත් රැකියා සඳහා ප්‍රධාන නගර වෙත ඇදී යාම ඇරැඹී තිබෙනවා. මේ නිසා නගරයේ පැවැත්මට හානියක් වේ යැයි සිතූ නගර වැසියන් කුඹුරු කිරීමට අමතරව නගරයට ආදායමක් එක් කර ගත හැකි ක්‍රම පිළිබඳව සලකා බලා තිබෙනවා. මෙහිදීත් ඔවුන්ගේ ගැලවුම් කරු වී තිබෙන්නේ ඔවුන්ගේ ගොවිතැන් කර්මාන්තයයි. විවිධ වී වර්ග රටාවක් ලෙසින් සිටවා චිත්‍රයක් නිර්මාණය කර සංචාරක ආකර්ෂණය දිනා ගැනීම මොවුන්ගේ අරමුණ වී තිබෙනවා.", "date": "03/03/2019", "category": "වෙනත්"}, {"publisher": "සිළුමිණ", "title": "ජීවි­තය ජීවත් කර­වන    අම­රස පාන­යක්", "content": "‍ෙම් ලෙඩ රෝගවලින් ජීවිතය වෙළා ගෙන ඇති කාලයක්. අහන.. දකින.. කවුරුන් කුමක් හෝ රෝගයකින් පීඩා විඳිනවා. ඇතැම් අය ජීවිත කාලයම අසනීපවලටම කැපකරලා. එක බෙහෙත් පෙත්තක් නොබන අයෙක් සොයාගන්න බැරි තරම්. මේ තත්ත්වයට ලොකු කුඩා කියලා වෙනසක් නැහැ.", "date": "18/04/2019", "category": "වෙනත්"}, {"publisher": "සිළුමිණ", "title": "අපි කව­දා­වත්    ආ‍යෙ වෙන්  වෙන්නේ නෑ  ", "content": "චම්පා චට්ටෝපාධ්‍යා‍ෙග් පුනර්භවය පිළිබඳව වූ කතාව තවම අවසන්ව නැත. ඇය පියා සමඟ ලංකාවට ආවේ නීලක හමුවීමට පමණක් නොවේ.", "date": "18/01/2019", "category": "වෙනත්"}, {"publisher": "සිළුමිණ", "title": "තරු තොරතුරු", "content": "වේදිකාව ගැන කතා කළාම ඔහුගේ නම ඉදිරියෙන්ම කියවෙනවා. වේදිකාව ජීවිතය කරගත් ඔහුට පසුගියදා විශේෂ දවසක් වුණා.ඒ 'දෙයියොත් දන්නේ නෑ' එක්ක තුන්සීය වැනි දර්ශනය වේදිකාගත වූ බව දැනගන්නට ලැබුණා. අසනීප තත්ත්වයෙන් පසුවුණු ඔහුගේ සුවදුක් විමසන්නටත් අලුත්ම තොරතුරු දැනගන්නට අපි ඔහුට කතා කළා. හදිසියේ ඇතිවු හෘදයාබාධාවක් නිසා කලා කටයුතුවලින් තරමක් ඈත්වෙලා හිටියේ.ඒත් දැන්නම් සුවයි. 'දෙයියොත් දන්නැ' වේදිකා නාට්‍ය තුන්සිය වැනි දර්ශන වාරය පසුගියදා සැමරුවා. දැන් තුන්සීය දහවන වාරය දක්වා ඇවිල්ලා. ඒ වගේම එදා කරපු නාට්‍ය හතක ගීත හතක් එකතුකරලා CD එකක් තව මාස තුනකින් විතර එය එළිදක්වන්නට හිතන් ඉන්නේ.", "date": "25/05/2019", "category": "වෙනත්"}, {"publisher": "සිළුමිණ", "title": "අලුත්  ජීවි­ත­ය­කට  සුභ ආර­ම්භ­යක්", "content": "ඔබේ යුගදිවි අසාර්ථකද, ලැබෙන මුදල් ඔක්කොම වියදම් වෙනවාද, අඹුසැමු ඇසුර බිංදුවටම වැටිලාද, නිතර ම ලෙඩරෝග වැළදෙනවාද, පවුලේ දියුණුවක් නැද්ද. ෆෙංෂුයි පවසන්නේ, ඔබේ නිවෙසේ යම් යම් දේවල් එහාට මෙහාට කර වෙනස් කිරීමෙන් ඔබේ ජීවිතයේ ඉහත ප්‍රශ්න සියල්ල ම විසඳාගත හැකි බවයි.", "date": "25/04/2019", "category": "වෙනත්"}, {"publisher": "සිළුමිණ", "title": "BOLLYWOOD & HOLLYWOOD", "content": "ඊෂා ඩියොල්, භාරත් ‍ටක්ටානි සමඟ යුගදිවි ගමන් ඇරඹුවායින් පසුව සිනමා රංගනයට එක් වුණේ නැහැ. භාරත් - ඊෂා යුවළ මුලින් ම මවුපිය පදවි ලැබුවේ රද්යා මෙලොව එළිය දැකීමෙන් පසුවයි. ඇයට දැන් වයස අවුරුදු එකහමාරයි. රද්යාට තවත් බාල සොයුරියක් ලැබිලා.‍ ඇගේ නම මිරායා. පසුගිය 10 දා ඇය උපන් නිසා ඊෂා දෙවැනි වතාවටත් මවුපදවිය ලැබුවා. භාරත් දෙවැනි වතාවට පිය පදවිය ලැබුවා. තමන් තවත් දියණියක බිහි කළ බව ඊෂා ලොවටම ප්‍රකාශ කළා. දියණියක ලැබූ පුවත දැනගත් ඇගේ ඥාතීන් සහ මිතුරු මිතුරියන් ඇයට සුබ පැතුවා. මුලින් ම ඊෂා සහ බිළිඳිය දැක බලා ගන්න රෝහලට පැමිණියේ ඇගේ මවුපියන් වන ප්‍රවීණ නිළි හේමා මාලිනී සහ ප්‍රවීණ නළු ධර්මේන්ද්‍රයි. හේමා මාලිනි පසුගියදා පැවැති ඉන්දීය මහා මැතිවරණයෙන් යළි ජයගෙන ලෝක් සභාවට තේරී පත්වුණා. ඇය යළිත් වතාවක් අත්තම්මා කෙනෙකු බවටත් පත්වුණා.", "date": "05/05/2019", "category": "වෙනත්"}, {"publisher": "සිළුමිණ", "title": "නිද­හස් නොවුණු  Life එක  ", "content": "ජීවිතේ හරිම කරදරයක් කියල හිතෙනව වෙලාවකට.කිසිම නිදහසක් නැහැ. youth එකට මේ ප්‍රශ්නෙ හරිම සාමාන්‍යය දෙයක්. රැකියාවක් කළත් ඉගෙනගත්තත් ඒකෙ වැඩි වෙනසක් නැහැ. ඇත්තටම නිදහස කියන්නෙ මේ Life එක ඇතුලෙ තියන අපි ආසම දෙයක්. නිදහසක් නැහැ කියනවට වඩා වැඩ ගොඩක් අස්සෙ මේ ජීවිතේ ගෙනියන ගමන්ම නිදහස ගැන වෙනස් විදිහකට බැලුවොත් අපි හොයන නිදහස අපිට විදින්න පුළුවන්. අපි හැමෝටම වෙන්වුණු වැඩකොටසක් තියනව. ඒ වැඩ කොටස කරන්න අපේ ජීවිතේ හොදින් ගතකරන්න තමයි අපි වෙහෙසෙන්නෙ.", "date": "16/05/2019", "category": "වෙනත්"}, {"publisher": "සිළුමිණ", "title": "වයස පසු කරද්දී   රුව ගැනත් හිතන්න", "content": "කාන්තාවකගේ රුව ඉක්මණට ම වියපත් වෙන්න පටන් ගන්නවා. ඒ ඇගේ ජීවිතේ සිදුවන යම් යම් වෙනස්කම් නිසා. විශේෂයෙන් දරුවන් ලද පසු බොහෝ කාන්තාවන් තමාව අත්හරිනවා. ඉන්පසු ඇය කාලයත්, මහන්සියත් කැප කරන්නේ පවුලේ වැඩ කටයුතු වෙනුවෙන්මයි. මේ වෙහෙස නිසා වයසට වඩා වැඩි පෙනුමක් ඇයගෙන් ඉස්මතු වෙනවා.", "date": "07/02/2019", "category": "වෙනත්"}, {"publisher": "සිළුමිණ", "title": "මෙහෙම දරු­වකු ලබන්න මම පිං කරලා තියෙ­නවා  ", "content": "ඇය සුවහසක් රසික රසිකාවියන්ගේ මහ මෙරක් තරම් වූ ආදරය අසීමිත ලෙස ලබන තාමත් පුංචි තිරේ බබළවන නිල් මැණිකයි. එදා වාගේම අදත් ඇගේ මන බඳින රංගනයෙන් තිරය ඔපවත් වෙද්දී ඒ වටා එක්රොක් වන පිරිස නම් අති විශාලයි. ජීවිතයේ අප්‍රමාණ දුක් කම්කටොළු පසු කරන් පැමිණි ඇගේ ජීවන ගමනේ සුවදැතිම කුසුම අද්දර සැනසුම් සුසුම් අද ඈ හෙළන්නේ කඳුළු පරදා ලැබූ සතුට... සොම්නස දෝතින්ම දරාගෙනයි.", "date": "31/05/2019", "category": "වෙනත්"}, {"publisher": "සිළුමිණ", "title": "සැඟවී නිහ­ඬව  ගලා බසින  ඉඟුරු ඔය  ඇල්ල", "content": "අවිවේකී ජීවිත ගතකරන අපගේ ජීවිතවලට ඉස්පාසුවක් ලැබෙන්නේ බොහොම කලාතුරකින් දවසක්. එහෙම ලැබෙන දවස සුන්දර, ජීවිතයට අමතක නොවන දවසක් කරගන්නට ඇත්නම් කොතරම් සුන්දරද? දරු , පවුලත් සමඟ එසේ නැත්නම් පෙම්වතිය, පෙම්වතා සමඟ, මිතුරු, මිතුරියන් සමඟ ගොස් සතුටෙන් දවස ගත කරන්නට සුදුසු තැනක් ගැන කියන්නයි අපේ සූදානම.", "date": "11/01/2019", "category": "වෙනත්"}, {"publisher": "සිළුමිණ", "title": "සනත්ට පුළු­වන්ද  අර­වින්ද වෙන්න?", "content": "මාර්ටින් වික්‍රමසිංහයන්ට කුතුහලයක් තිබිණි. එනම් පානදුරේ තම ඥාති නිවස අසල පිහිටි නිවසෙහි හුන් තනිකඩයා සම්බන්ධවය. මේ තනිකඩයා සම්බන්ධයෙන් වික්‍රමසිංහයන් දැන ගත්තේද තම ඥාතියාගෙනි.", "date": "11/01/2019", "category": "වෙනත්"}, {"publisher": "සිළුමිණ", "title": "සුනිල් සර් මට මාව අමතක කෙරෙව්වා", "content": " ", "date": "26/02/2019", "category": "වෙනත්"}, {"publisher": "සිළුමිණ", "title": "ඔබ ගිම්හා­නය නොවී ඉන්න    වස­න්ත­යක් වෙන්නට බැරි ­නම්  :වෙන් වූ පෙම්ව­තුන්ගේ ප්‍රාර්ථ­නය...", "content": "ජීවිතයේ එදා මෙදාතුර බලාපොරොත්තු වූ දේ බොහෝය. නමුදු බලාපොරොත්තු වූ සියල්ල ඉටුකර ගැනීමට නොහැකි වු විට සිතින් හැඬු අවස්ථාද නැතිවා නොවේ. ඒ මමය. මගේ හැටිය. ඔබද එසේම බව දනිමි. එ්නිසාම; අහස උසට ජීවිත ගැන බලාපොරොත්තු තබාගෙන සිට ඒවා බිඳීගිය විට දැනෙන දුක වේදනාව අමුතුවෙන් කිවයුතු නැත. ආදරය ගැන ද එසේමය.", "date": "31/03/2019", "category": "වෙනත්"}, {"publisher": "සිළුමිණ", "title": "පොප් රජු මිය ගොස්  දස වස­රයි", "content": "ඔහු ඔටුනු නොපළන් රජෙකි. පියාපත් නොමැති දේව දූතයෙකි. එසේ වන්නේ අහඹුවකින් ලැබුණු දෙයක් නිසා නොවේ. තම හැකියාව, දක්ෂතාව මෙන්ම කැපවීම ද කරුණාවන්ත බව හා ආදරණීය බව ද නිසයි. ‘King of pop’ පොප් සංගීතයේ රජු‍ ලෙස ඔහුට නිල නොලත් නාමයක් ලබා ගත හැකි වූයේ මේ ගුණාංග හා මුසු වූ දක්ෂතාව ලෙසයි.", "date": "14/05/2019", "category": "වෙනත්"}]